Workbook

Sheet Base_Original
A1: status | B1: nome | C1: cpf | D1: idade | E1: data_nascimento | F1: cidade | G1: regiao | H1: renda_mensal | I1: credito_tomado | J1: flag_inadimplente | K1: qtde_batalhas | L1: nivel_risco | M1: flag_inadimplente2 | N1: valor_solicitado
A2: Ativo | B2: Aegon Baelish | C2: 24000 | D2: 47 | E2: 29031 | F2: Meereen | Essos | H2: 28400 | I2: 78000 | J2: Não | K2: 37 | M2: Não | N2: 99000
A3: Ativo | B3: Aegon Blackwood | C3: 000.000.118-00 | D3: 69 | E3: 21054 | F3: Jardim de Cima | G3: Campina | H3: 23800 | I3: N/A | K3: 26 | N3: 89000
A4: Ativo | B4: Aegon Bracken | C4: 000.000.244-00 | D4: 69 | E4: 20725 | F4: Correrrio | G4: terras fluviais | H4: 8100 | I4: 27500 | J4: NÃO | K4: 42 | M4: NÃO | N4: 72500
A5: Inativo | B5: Aegon Florent | C5: 27100 | D5: 55 | E5: 25895 | F5: Meereen | G5: Essos | H5: 6800 | I5: 12000 | J5: Não | K5: 6 | M5: Não | N5: 11000 | Y5: =Base_Original!D2 -> 47
A6: Ativo | B6: Aegon Frey | C6: 000.000.338-00 | D6: 56 | E6: 25525 | F6: Dorne | G6: Dorne | H6: 11100 moedas | I6: 63000 | J6: Não | K6: 0 | M6: Não | N6: 56000
A7: Inativo | B7: Aegon Hornwood | C7: 17100 | D7: 45 | E7: 29506 | F7: Solar do Entardecer | G7: Terras da Tempestade | H7: 5100 | I7: 25000 | J7: Não | K7: 29 | M7: Não | N7: 88000
A8: Ativo | B8: Aegon Marbrand | C8: 35200 | D8: 65 | E8: 22337 | F8: Castelo Negro | G8: Norte | H8: 3800 | I8: 49500 | J8: Não | K8: 16 | M8: Não | N8: 15500
A9: Ativo | B9: Aegon Redwyne | C9: 000.000.347-00 | D9: 19 | E9: 39016 | F9: Pyke | G9: ILHAS DE FERRO | H9: 14900 | I9: 17000 | J9: Não | K9: 20 | M9: Não | N9: 29500
A10: Inativo | B10: Aegon Umber | C10: 000.000.356-00 | D10: 66 | E10: 22101 | F10: Meereen | G10: ESSOS | H10: 16800 | I10: 79500 | J10: Não | K10: 36 | M10: Não | N10: 1500
A11: Ativo | B11: Arya Marbrand | C11: 000.000.133-00 | D11: 24 | E11: 37172 | F11: Ninho da Águia | G11: Vale | H11: 21600 | I11: 25000 | J11: Não | K11: 33 | M11: Não | N11: 17500
A12: Ativo | B12: Arya Redwyne | C12: 000.000.333-00 | D12: 21 | E12: 38323 | F12: Correrrio | G12: Terras Fluviais | H12: 3800 moedas | I12: 0 | J12: Não | K12: 25 | M12: Não | N12: 50000
A13: inativo | B13: Asha Arryn | C13: 000.000.122-00 | D13: 49 | E13: 28049 | F13: Castelo Negro | G13: Norte | H13: 25200 | I13: 59500 | J13: Não | K13: 37 | M13: Não | N13: 86500
A14: Ativo | B14: Asha Baratheon | C14: 000.000.195-00 | D14: 70 | E14: 20570 | F14: Braavos | G14: Essos | H14: 16300 | I14: 16500 | J14: Não | K14: 25 | M14: Não | N14: 65500
A15: Ativo | B15: Asha Blackwood | C15: 000.000.085-00 | D15: 50 | E15: 27886 | F15: Dorne | G15: Dorne | H15: 16100 | I15: 8000 | J15: Sim | K15: 30 | M15: Sim | N15: 27000
A16: inativo | B16: Asha Bolton | C16: 6900 | D16: 51 | E16: 27590 | F16: Castelo Negro | G16: Norte | H16: 19400 | I16: 4000 | J16: Não | K16: 30 | M16: Não | N16: 38500
A17: Ativo | B17: Asha Hornwood | C17: 000.000.363-00 | D17: 33 | E17: 34144 | F17: Pedra do Dragão | G17: Terras da Coroa | H17: 21500 moedas | I17: N/A | J17: não | K17: 22 | M17: não | N17: 51500
A18: Inativo | B18: Asha Manderly | C18: 000.000.357-00 | D18: 29 | E18: 35607 | F18: Ilha dos Ursos | G18: Norte | H18: 13800 | I18: 41500 | J18: Não | K18: 34 | M18: Não | N18: 66000
A19: ATIVO | B19: Asha Redwyne | C19: 10200 | D19: 35 | E19: 33444 | F19: Pedra do Dragão | G19: Terras da Coroa | H19: 8400 | I19: 62500 | J19: Não | K19: 31 | M19: Não | N19: 83500
A20: Ativo | B20: Asha Tallhart | C20: 8600 | E20: 32260 | F20: Pyke | G20: Ilhas de Ferro | H20: 17600 moedas | I20: 0 | J20: Sim | K20: 31 | M20: Sim | N20: 47500
A21: Ativo | B21: Asha Tallhart | C21: 000.000.006-00 | D21: 59 | E21: 24710 | F21: Correrrio | Terras Fluviais | H21: 19900 | I21: 55000 | J21: Não | K21: 26 | M21: Não | N21: 100000
A22: Ativo | B22: Beric Karstark | C22: 000.000.172-00 | D22: 37 | E22: 32680 | F22: Braavos | G22: Essos | H22: 28900 | I22: 71000 | J22: Não | K22: 28 | M22: Não | N22: 36500
A23: Ativo | B23: Beric Umber | D23: 73 | E23: 19538 | F23: Pedra do Dragão | G23: terras da coroa | H23: 12700 | I23: 79500 | J23: Não | K23: 35 | M23: Não | N23: 39000
A24: Ativo | B24: BERIC CRAKEHALL | C24: 000.000.067-00 | D24: 55 | E24: 26104 | F24: Pyke | G24: Ilhas De Ferro | H24: 22100 | I24: 41500 | J24: Não | K24: 18 | M24: Não | N24: 65000
A25: Inativo | B25: Beric Manderly | C25: 24300 | D25: 25 | E25: 37131 | F25: Lannisporto | G25: Oeste | H25: 24500 | I25: N/A | J25: 0 | K25: 0 | M25: 0 | N25: 55000
A26: Ativo | B26: Beric Seaworth | C26: 000.000.025-00 | D26: 72 | E26: 19800 | F26: Correrrio | G26: Terras Fluviais | H26: 24300 | I26: 13500 | J26: Não | K26: 33 | M26: Não | N26: 14500
A27: Inativo | B27: Beric Tallhart | C27: 000.000.291-00 | D27: 44 | E27: 29948 | F27: Dorne | G27: Dorne | I27: 0 | J27: Não | K27: 4 | M27: Não | N27: 80000
A28: Ativo | B28: Beric Tyrell | C28: 000.000.103-00 | D28: 20 | E28: 38957 | F28: Fosso Cailin | G28: Norte | H28: 18200 | J28: Não | K28: 21 | M28: Não | N28: 61500
A29: Ativo | B29: Beric Tyrell | C29: 000.000.242-00 | D29: 66 | E29: 22151 | F29: Vilavelha | G29: Campina | H29: 11800 | I29: 2000 | J29: Sim | K29: 23 | M29: Sim | N29: 72500
A30: Ativo | B30: BRAN BOLTON | C30: 000.000.003-00 | D30: 23 | E30: 37785 | F30: Porto Real | G30: Terras Da Coroa | H30: 17900 | I30: 28000 | J30: Não | K30: 41 | M30: Não | N30: 52500
A31: Ativo | B31: Bran Dayne | C31: 000.000.288-00 | D31: 48 | E31: 28430 | F31: Pyke | G31: Ilhas De Ferro | H31: 4500 moedas | I31: 0 | J31: Não | K31: 3 | M31: Não | N31: 48500
A32: Ativo | B32: Bran Dondarrion | C32: 4900 | D32: 18 | E32: 39369 | F32: Meereen | G32: essos | H32: 18500 | I32: 74500 | J32: Sim | K32: 20 | M32: Sim | N32: 45500
A33: Ativo | B33: bran florent | C33: 000.000.218-00 | D33: 62 | E33: 23488 | F33: Ninho da Águia | G33: Vale | H33: sem renda | I33: N/A | J33: Não | K33: 38 batalhas | M33: Não | N33: 72000
A34: Ativo | B34: Bran Frey | C34: 000.000.189-00 | D34: 39 | E34: 31968 | F34: Ilha dos Ursos | Norte | H34: 8000 | I34: 69000 | J34: Não | K34: 15 | M34: Não | N34: 39500
A35: Inativo | B35: Bran Karstark | C35: 000.000.241-00 | D35: 21 | E35: 38328 | F35: Pyke | G35: ILHAS DE FERRO | H35: 4400 | I35: 23500 | J35: Sim | K35: 31 | M35: Sim | N35: 91000
A36: Ativo | B36: Bran Tarly | C36: 000.000.269-00 | D36: 53 | E36: 26790 | F36: Braavos | G36: Essos | H36: sem renda | I36: 21500 | J36: Sim | K36: 44 | M36: Sim | N36: 3500
A37: Ativo | B37: Bran Umber | C37: 13200 | D37: 29 | E37: 35334 | F37: Pyke | G37: Ilhas de Ferro | H37: 19500 | I37: 57000 | J37: Não | K37: 12 | M37: Não | N37: 20500
A38: Ativo | B38: Bran Yronwood | C38: 000.000.057-00 | D38: 42 | E38: 30878 | F38: Pyke | G38: Ilhas de Ferro | H38: 17500 | I38: 3500 | J38: Nao | K38: 25 | M38: Nao | N38: 35000
A39: Ativo | B39: Brienne Dayne | C39: 000.000.070-00 | D39: 62 | E39: 23337 | F39: Pedra do Dragão | G39: Terras da Coroa | H39: 11900 | I39: 58500 | J39: Não | K39: 37 | M39: Não | N39: 48000
A40: Ativo | B40: Brienne Dondarrion | C40: 000.000.256-00 | D40: 39 | E40: 31814 | F40: Ilha dos Ursos | G40: Norte | H40: 9300 | I40: 36500 | J40: Não | M40: Não | N40: 3000
A41: Ativo | B41: Brienne Glover | C41: 000.000.355-00 | D41: 67 | E41: 21522 | F41: Solar do Entardecer | G41: Terras Da Tempestade | H41: 11300 | I41: 49500 | J41: Não | K41: 12 | M41: Não | N41: 34500
A42: Ativo | B42: BRIENNE KARSTARK | C42: 000.000.031-00 | D42: 23 | E42: 37530 | F42: Pyke | Ilhas de Ferro | H42: 10700 | I42: 15000 | J42: Não | K42: 42 | M42: Não | N42: 81500
A43: Ativo | B43: Brienne Mallister | C43: 000.000.202-00 | D43: 53 | E43: 26840 | F43: Ilha dos Ursos | Norte | H43: 9500 | I43: 66500 | J43: Sim | K43: 38 | M43: Sim | N43: 42500
A44: ATIVO | B44: Brienne Manderly | C44: 000.000.076-00 | D44: 28 | E44: 35830 | F44: Lannisporto | G44: Oeste | H44: 8600 moedas | I44: 19000 | J44: Sim | K44: 4 | M44: Sim | N44: 32500
A45: Ativo | B45: Brienne Manderly | C45: 000.000.140-00 | D45: 29 | E45: 35472 | F45: Fosso Cailin | Norte | H45: 11900 | I45: 65000 | J45: Sim | K45: 29 | M45: Sim | N45: 12000
A46: Inativo | B46: Brienne Reed | C46: 000.000.306-00 | D46: 68 | E46: 21293 | F46: Pyke | G46: Ilhas de Ferro | H46: 3800 | I46: 70000 | J46: Sim | K46: 34 | M46: Sim | N46: 7500
A47: Ativo | B47: Brienne Royce | C47: 10800 | D47: 39 | E47: 31766 | F47: Vilavelha | G47: campina | H47: 24700 | I47: 23500 moedas | J47: Não | K47: 43 | M47: Não | N47: 57000
A48: Ativo | B48: Brienne Westerling | C48: 000.000.379-00 | D48: 59 | E48: 24578 | F48: Atalaia da Água Cinzenta | H48: 6600 | I48: 50000 | J48: Sim | K48: 9 | M48: Sim | N48: 25000
A49: Ativo | B49: BRONN ARRYN | C49: 000.000.016-00 | D49: 44 | E49: 29975 | F49: Lannisporto | G49: oeste | H49: 5300 | I49: 6000 | J49: Sim | K49: 1 | M49: Sim | N49: 4500
A50: Inativo | B50: Bronn Baratheon | C50: 32500 | D50: 48 | E50: 28446 | F50: Pedra do Dragão | G50: terras da coroa | H50: 6900 | I50: 52500 | J50: Sim | K50: 0 | M50: Sim | N50: 66000
A51: Ativo | B51: Bronn Blackwood | C51: 000.000.052-00 | D51: 43 | E51: 30309 | F51: Atalaia da Água Cinzenta | G51: gargalo | H51: 18400 | I51: 62000 | J51: Não | K51: 33 | M51: Não | N51: 31000
A52: Ativo | B52: Bronn Bolton | C52: 000.000.143-00 | D52: 26 | E52: 36619 | F52: Harrenhal | G52: Terras Fluviais | H52: 26800 moedas | I52: 42500 | J52: Sim | K52: 29 | M52: Sim | N52: 66000
A53: Ativo | B53: Bronn Crakehall | C53: 29500 | D53: 68 | E53: 21079 | F53: Atalaia da Água Cinzenta | G53: GARGALO | H53: 3600 moedas | I53: 64500 | J53: Sim | K53: 32 | M53: Sim | N53: 35500
A54: Ativo | B54: Bronn Dondarrion | C54: 000.000.036-00 | D54: 49 | E54: 28136 | F54: Jardim de Cima | G54: campina | H54: 20300 | I54: 12000 | J54: Sim | K54: 27 | M54: Sim | N54: 67500
A55: Ativo | B55: Bronn Mallister | C55: 000.000.200-00 | D55: 35 | F55: Vilavelha | G55: Campina | H55: 28000 | I55: 76500 moedas | J55: Não | K55: 39 | M55: Não | N55: 32000
A56: Inativo | B56: Bronn Manderly | C56: 000.000.074-00 | D56: 69 | E56: 20785 | F56: Castelo Negro | G56: NORTE | H56: 16000 | I56: 48000 | J56: Não | K56: 29 | M56: Não | N56: 74500
A57: Ativo | B57: Bronn Royce | C57: 36900 | D57: 61 | E57: 23928 | F57: Solar do Entardecer | G57: Terras da Tempestade | H57: 22900 | I57: 7500 | J57: Não | K57: 12 | M57: Não | N57: 73000
A58: Ativo | B58: Bronn Royce | C58: 36900 | D58: 61 | E58: 23928 | F58: Solar do Entardecer | G58: Terras da Tempestade | H58: 22900 | I58: 7500 | J58: Não | K58: 12 | M58: Não | N58: 33000
A59: Ativo | B59: Bronn Stark | C59: 000.000.313-00 | D59: 30 | E59: 35180 | F59: Ilha dos Ursos | G59: Norte | H59: 13800 | I59: 42000 | K59: 29 | N59: 7000
B60: Bronn Umber | C60: 000.000.177-00 | D60: 56 | E60: 25705 | F60: Porto Real | G60: Terras da Coroa | H60: 11100 | I60: 13000 | J60: Não | K60: 38 | M60: Não | N60: 88000
A61: Ativo | B61: Catelyn Dayne | C61: 000.000.213-00 | D61: 68 | E61: 21145 | F61: Ponta Tempestade | G61: Terras da Tempestade | H61: 24500 | I61: 16500 | J61: Não | K61: 22 | M61: Não | N61: 34500
A62: Ativo | B62: Catelyn Cerwyn | C62: 000.000.308-00 | D62: 60 | E62: 24082 | F62: Atalaia da Água Cinzenta | G62: gargalo | H62: 13800 | I62: 45500 | J62: Não | K62: 30 | M62: Não | N62: 17500
A63: Ativo | B63: Catelyn Lannister | C63: 000.000.110-00 | D63: 33 | E63: 34070 | F63: Solar do Entardecer | G63: terras da tempestade | H63: 29300 | I63: 69000 | J63: Sim | K63: 0 | M63: Sim | N63: 4500
A64: Ativo | B64: Catelyn Mallister | C64: 000.000.062-00 | D64: 63 | E64: 23006 | F64: Castelo Negro | Norte | H64: 11200 | K64: 41 | N64: 83500
A65: Ativo | B65: Catelyn Tarly | C65: 16300 | D65: 27 anos | E65: 36255 | F65: Castelo Negro | G65: Norte | H65: 14000 | I65: 63500 | J65: Não | K65: 24 | M65: Não | N65: 87000
A66: Ativo | B66: Catelyn Umber | C66: 9900 | D66: 64 | E66: 22828 | F66: Harrenhal | G66: TERRAS FLUVIAIS | H66: 2900 | I66: 76000 | J66: Não | K66: 32 | M66: Não | N66: 72500
A67: Ativo | B67: catelyn westerling | C67: 35800 | D67: 70 | E67: 20515 | F67: Braavos | G67: Essos | H67: 19500 moedas | I67: 62000 | J67: Sim | K67: 45 | M67: Sim | N67: 35500
A68: Ativoo | B68: Catelyn Yronwood | C68: 000.000.226-00 | D68: 38 | E68: 32166 | F68: Castelo Negro | G68: norte | H68: 19500 moedas | I68: 39000 | J68: Não | K68: 25 | M68: Não | N68: 88500
A69: Inativo | B69: Cersei Marbrand | C69: 000.000.158-00 | D69: 57 | E69: 25324 | F69: Ilha dos Ursos | G69: NORTE | H69: 9500 | I69: 58000 | J69: Nao | K69: 23 | M69: Nao | N69: 81500
A70: Ativo | B70: Cersei Clegane | C70: 000.000.323-00 | D70: 24 | E70: 37259 | F70: Dorne | G70: Dorne | H70: 25200 | I70: 0 | J70: Não | K70: 10 | M70: Não | N70: 69500
A71: Inativo | B71: CERSEI GLOVER | C71: 000.000.324-00 | D71: 49 | E71: 28286 | F71: Pyke | G71: Ilhas De Ferro | H71: 21900 | I71: 69000 | J71: Não | K71: 4 batalhas | M71: Não | N71: 80500
A72: Ativo | B72: Cersei Greyjoy | C72: 000.000.265-00 | D72: 47 | E72: 28841 | F72: Dorne | G72: Dorne | H72: 21300 moedas | I72: 62000 | J72: Sim | K72: 37 | M72: Sim | N72: 92500
A73: Ativo | B73: Cersei Stark | C73: 000.000.293-00 | D73: 25 | E73: 37091 | F73: Ninho da Águia | G73: Vale | H73: 28800 | J73: Não | K73: 12 | M73: Não | N73: 46500
A74: Inativo | B74: Cersei Tarth | C74: 20300 | D74: 46 | E74: 29427 | F74: Harrenhal | G74: TERRAS FLUVIAIS | I74: 37500 | J74: Não | M74: Não | N74: 77000
A75: Inativo | B75: Cersei Tarth | C75: 20300 | D75: 46 | E75: 29427 | F75: Harrenhal | G75: TERRAS FLUVIAIS | I75: 37500 | J75: Não | M75: Não | N75: 21500
A76: Ativo | B76: Cersei Tarth | C76: 000.000.147-00 | D76: 52 | E76: 26921 | F76: Ilha dos Ursos | G76: Norte | H76: 7300 | I76: 74000 moedas | J76: Não | K76: 40 | M76: Não | N76: 34500
A77: Ativo | B77: Cersei Umber | C77: 000.000.058-00 | D77: 62 | F77: Jardim de Cima | G77: Campina | H77: 1900 | I77: 3500 | J77: Não | K77: 19 | M77: Não | N77: 62000
A78: Ativo | B78: Daario Dayne | C78: 000.000.144-00 | D78: 25 | E78: 37026 | F78: Solar do Entardecer | G78: Terras da Tempestade | H78: 28200 | I78: 0 | J78: Não | K78: 29 | M78: Não | N78: 92500
A79: Inativo | B79: Daario Arryn | C79: 000.000.173-00 | D79: 63 | E79: 23119 | F79: Ninho da Águia | G79: vale | H79: 9300 | I79: 48500 | J79: Não | K79: 28 | M79: Não | N79: 20000
A80: INATIVO | B80: Daario Cerwyn | C80: 17500 | D80: 60 | E80: 24091 | F80: Lannisporto | G80: Oeste | H80: 10100 | I80: 55000 | J80: Não | K80: 26 | M80: Não | N80: 54000
A81: Ativo | B81: Daario Clegane | C81: 000.000.270-00 | D81: 33 | E81: 33881 | F81: Castelo Negro | G81: NORTE | H81: 29700 | I81: 22000 | J81: Não | K81: 38 batalhas | M81: Não | N81: 81000
A82: Inativo | B82: Daario Marbrand | C82: 000.000.014-00 | D82: 46 anos | E82: 29113 | F82: Fosso Cailin | G82: Norte | H82: 15000 | I82: 32500 | J82: Não | K82: 40 | M82: Não | N82: 4500
A83: Inativo | B83: Daario Marbrand | C83: 000.000.014-00 | D83: 46 anos | E83: 29113 | F83: Fosso Cailin | G83: Norte | H83: 15000 | I83: 0 | J83: Não | K83: 40 | M83: Não | N83: 90500
A84: Ativo | B84: DAARIO TARLY | C84: 000.000.046-00 | D84: 32 | E84: 34508 | F84: Dorne | G84: Dorne | H84: 9800 | I84: 0 | J84: Não | K84: 23 | M84: Não | N84: 68000
A85: ativo | B85: Daario Tyrell | C85: 000.000.251-00 | D85: 51 | E85: 27377 | F85: Pyke | G85: Ilhas De Ferro | H85: 16300 | J85: Nao | K85: 8 | M85: Nao | N85: 33000
A86: Ativo | B86: Daenerys Seaworth | C86: 000.000.341-00 | D86: 54 | E86: 26213 | F86: Vilavelha | G86: CAMPINA | H86: 29700 | I86: 34000 | J86: Não | K86: 35 | M86: Não | N86: 35000
A87: Ativo | B87: Daenerys Snow | C87: 14200 | D87: 48 | E87: 28681 | F87: Dorne | Dorne | H87: 15800 | I87: N/A | J87: Não | K87: 12 | M87: Não | N87: 69500
A88: Ativo | B88: Daenerys Tallhart | C88: 000.000.092-00 | D88: 37 | E88: 32543 | F88: Vilavelha | G88: Campina | H88: 29200 | I88: 45000 | J88: Não | K88: 26 | M88: Não | N88: 23500
A89: Ativo | B89: Daenerys Tallhart | C89: 000.000.092-00 | D89: 37 | E89: 32543 | F89: Vilavelha | G89: Campina | H89: 29200 | I89: 45000 | J89: Não | K89: 26 | M89: Não | N89: 78000
A90: Ativo | B90: Davos Baratheon | C90: 000.000.055-00 | E90: 36337 | F90: Winterfell | G90: Norte | H90: 22500 | I90: 55500 | J90: Não | K90: 32 | M90: Não | N90: 91500
A91: Inativo | B91: Davos Tyrell | C91: 000.000.079-00 | D91: 65 | E91: 22275 | F91: Ninho da Águia | G91: Vale | H91: 3300 | I91: 43500 | J91: Não | K91: 27 batalhas | M91: Não | N91: 23500
A92: Ativo | B92: Davos Tyrell | C92: 16100 | D92: 57 | F92: Lannisporto | G92: oeste | H92: sem renda | J92: Sim | K92: 28 batalhas | M92: Sim | N92: 13000
A93: Inativo | B93: Davos Umber | C93: 000.000.353-00 | D93: 74 | E93: 19047 | F93: Lannisporto | G93: Oeste | H93: 24000 | I93: 35000 | J93: Não | K93: 6 batalhas | M93: Não | N93: 29500
A94: Inativo | B94: Eddard Crakehall | C94: 31800 | D94: 43 | E94: 30391 | F94: Castelo Negro | G94: Norte | H94: 7100 | I94: 5500 moedas | J94: Não | K94: 23 | M94: Não | N94: 67000
A95: Inativo | B95: Eddard Dayne | C95: 3200 | D95: 31 | E95: 34746 | F95: Braavos | G95: ESSOS | H95: 18200 | I95: 78500 | J95: Não | K95: 9 | M95: Não | N95: 73000
A96: Inativo | B96: Eddard Greyjoy | C96: 000.000.238-00 | D96: 55 | E96: 25848 | F96: Meereen | G96: Essos | I96: 5000 | J96: Não | K96: 8 | M96: Não | N96: 11000
A97: Ativo | B97: Eddard Mallister | C97: 000.000.309-00 | D97: 47 | E97: 28802 | F97: Atalaia da Água Cinzenta | G97: GARGALO | H97: 22700 | I97: 8500 | K97: 35 | N97: 23500
A98: Ativo | B98: Eddard Payne | C98: 15900 | D98: 26 | E98: 36411 | F98: Correrrio | G98: Terras Fluviais | H98: 9200 moedas | I98: 68500 | J98: Não | K98: 27 | M98: Não | N98: 7000
A99: ativo | B99: Eddard Royce | C99: 000.000.181-00 | D99: 73 | E99: 19314 | F99: Pedra do Dragão | G99: Terras Da Coroa | H99: 6100 | I99: 16000 moedas | J99: Não | K99: 9 | M99: Não | N99: 24500
A100: Inativo | B100: Eddard Stark | C100: 000.000.015-00 | D100: 55 | E100: 26142 | F100: Ninho da Águia | G100: VALE | H100: 29700 moedas | I100: 78000 moedas | J100: Sim | K100: 14 | M100: Sim | N100: 27000
...

Sheet Auditoria
A1: Auditoria de Qualidade dos Dados
A2: Coluna analisada | B2: Valor encontrado | C2: Quantidade | D2: Problema identificado | E2: Ação | F2: Impacto
A3: Status | B3: ATIVO | C3: 12 | D3: Capitalização inconsistente | E3: Padronizar → Ativo | F3: Baixo
A4: Status | B4: ativo | C4: 4 | D4: Capitalização inconsistente | E4: Padronizar → Ativo | F4: Baixo
A5: Status | B5: INATIVO | C5: 1 | D5: Capitalização inconsistente | E5: Padronizar → Inativo | F5: Baixo
A6: Status | B6: inativo | C6: 3 | D6: Capitalização inconsistente | E6: Padronizar → Inativo | F6: Baixo
A7: Status | B7: Ativo | C7: 245 | D7: Valor no padrão esperado | E7: Manter | F7: N/A
A8: Status | B8: Inativo | C8: 89 | D8: Valor no padrão esperado | E8: Manter | F8: N/A
A9: Status | B9: Ativoo | C9: 8 | D9: Possível erro de digitação / categoria inconsistente | E9: Validar dado | F9: Alto
A10: Status | B10: loqueado | C10: 1 | D10: Categoria não prevista / possível erro de digitação | E10: Validar dado | F10: Alto
A11: Status | B11: Vazio | C11: 4 | D11: Dado ausente | E11: Validar dado | F11: Alto
A12: Nome | B12: Nomes em minúsculas | C12: 17 | D12: Capitalização inconsistente | E12: Padronizar → Primeira letra maiúscula | F12: Baixo
A13: Nome | B13: Nomes em maiúsculas | C13: 21 | D13: Capitalização inconsistente | E13: Padronizar → Primeira letra maiúscula | F13: Baixo
A14: Idade | B14: Idades vazias | C14: 19 | D14: Dado ausente | E14: Validar dado | F14: Médio
... A29: Credito_Tomado | B29: X moedas | C29: 26 | D29: Valor numérico acompanhado de unidade textual | E29: Padronizar → número | F29: Alto
A30: Credito_Tomado | B30: 0 | C30: 42 | D30: Crédito tomado igual a zero | E30: Manter / investigar | F30: Médio
A31: Credito_Tomado | B31: Valores negativos | C31: 0 | D31: Nenhuma inconsistência encontrada | E31: Manter | F31: N/A
A32: Credito_Tomado | B32: Valores extremos | C32: 0 | D32: Nenhum valor extremo identificado | E32: Manter | F32: N/A
A33: Flag_Inadimplente | B33: não | C33: 7 | D33: Capitalização inconsistente | E33: Padronizar → Não | F33: Alto
A34: Flag_Inadimplente | B34: Não | C34: 241 | D34: Valor no padrão esperado | E34: Manter | F34: N/A
A35: Flag_Inadimplente | B35: Nao | C35: 15 | D35: Ausência de acentuação | E35: Padronizar → Não | F35: Alto
A36: Flag_Inadimplente | B36: NÃO | C36: 13 | D36: Capitalização inconsistente | E36: Padronizar → Não | F36: Alto
A37: Flag_Inadimplente | B37: sim | C37: 6 | D37: Capitalização inconsistente | E37: Padronizar → Sim | F37: Alto
A38: Flag_Inadimplente | B38: Sim | C38: 66 | D38: Valor no padrão esperado | E38: Manter | F38: N/A
A39: Flag_Inadimplente | B39: SIM | C39: 1 | D39: Capitalização inconsistente | E39: Padronizar → Sim | F39: Alto
A40: Flag_Inadimplente | B40: 0 | C40: 7 | D40: Categoria numérica não padronizada | E40: Validar dado | F40: Alto
A41: Flag_Inadimplente | B41: 1 | C41: 3 | D41: Categoria numérica não padronizada | E41: Validar dado | F41: Alto
A42: Flag_Inadimplente | B42: Vazio | C42: 10 | D42: Dado ausente | E42: Validar dado | F42: Alto
A43: Quantidade_Batalhas | B43: X batalhas | C43: 33 | D43: Valor numérico acompanhado de unidade textual | E43: Padronizar → número | F43: Médio
A44: Quantidade_Batalhas | B44: 0 | C44: 7 | D44: Valor válido possível | E44: Manter | F44: N/A
A45: Quantidade_Batalhas | B45: Vazio | C45: 4 | D45: Dado ausente | E45: Validar dado | F45: Médio
A46: Quantidade_Batalhas | B46: Valores negativos | C46: 0 | D46: Nenhuma inconsistência encontrada | E46: Manter | F46: N/A
A47: Quantidade_Batalhas | B47: Valores extremos | C47: 0 | D47: Nenhum valor extremo identificado | E47: Manter | F47: N/A
A48: Valor_Solicitado | B48: Valores vazios | C48: 0 | D48: Nenhuma inconsistência encontrada | E48: Manter | F48: N/A
A49: Valor_Solicitado | B49: Valores negativos | C49: 0 | D49: Nenhuma inconsistência encontrada | E49: Manter | F49: N/A
A50: Valor_Solicitado | B50: Valores iguais a zero | C50: 0 | D50: Nenhuma inconsistência encontrada | E50: Manter | F50: N/A
A51: Valor_Solicitado | B51: Valores não numéricos | C51: 0 | D51: Nenhuma inconsistência encontrada | E51: Manter | F51: N/A
A52: Valor_Solicitado | B52: Formatos diferentes | C52: 0 | D52: Nenhuma inconsistência encontrada | E52: Manter | F52: N/A

Sheet Base_Tratada
A1: ID_Solicitação | B1: Status_Padronizado | C1: Nome_Padronizado | D1: CPF | E1: CPF_Validação | F1: CPF_Duplicado | G1: Idade_Padronizada | H1: Idade_Validação | I1: Idade_Conferência | J1: Data_Nascimento | K1: Cidade_Padronizada | L1: Regiao_Padronizada | M1: Renda_Padronizada | N1: Credito_Tomado_Padronizado | O1: Analise_Credito | P1: Liberação_Credito | Q1: Flag_Inadimplente_Padronizada | R1: Quantidade_Batalhas_Padronizada | S1: Nivel_Risco | T1: Analise_Risco | U1: Valor_Solicitado_Padronizado
A2: SOL001 | B2: =IF(Base_Original!A2="","vazio",IF(Base_Original!A2="ATIVO","Ativo",IF(Base_Original!A2="INATIVO","Inativo",Base_Original!A2))) -> Ativo | C2: =PROPER(Base_Original!B2) -> Aegon Baelish | D2: 24000 | E2: =IF($D2="","Vazio",IF(LEN(SUBSTITUTE(SUBSTITUTE($D2&"",".",""),"-",""))<>11,"Inválido","OK")) -> Inválido | F2: =IF($D2="","Vazio",IF(COUNTIF($D$2:$D$369,$D2)>1,"Duplicado","Único")) -> Único | G2: =IF(TRIM(Base_Original!D2)="","",SUBSTITUTE(TRIM(Base_Original!D2),"anos","")) -> 47 | H2: =IF(Tabela2[[#This Row],[Data_Nascimento]]="","Vazio",IF(Tabela2[[#This Row],[Idade_Padronizada]]="","Sem idade",DATEDIF(Tabela2[[#This Row],[Data_Nascimento]],TODAY(),"Y"))) -> 47 | I2: =IF(OR(Tabela2[[#This Row],[Idade_Padronizada]]="",Tabela2[[#This Row],[Idade_Validação]]=""),"Vazio",IF(VALUE(Tabela2[[#This Row],[Idade_Padronizada]]&"")=VALUE(Tabela2[[#This Row],[Idade_Validação]]&""),"OK","Diferente")) -> OK | J2: 29031 | K2: Meereen | Essos | L2: =PROPER(Base_Original!G2) | M2: 28400 | N2: =IF(ISNUMBER(Base_Original!I2),Base_Original!I2,IF(RIGHT(Base_Original!I2,7)=" moedas",VALUE(LEFT(Base_Original!I2,LEN(Base_Original!I2)-7)),Base_Original!I2)) -> 78000 | O2: =IF(AND($N2>50000,$Q2="Sim"),"Negada","Aprovada") -> Aprovada | P2: =IF(AND($T2="Negada",$O2="Negada"),0,IF($B2="Ativo",$U2*8%,"0")) -> 7920 | Q2: =IF(OR(Base_Original!J2="Sim",Base_Original!J2="sim",Base_Original!J2="SIM"),"Sim",IF(OR(Base_Original!J2="Não",Base_Original!J2="não",Base_Original!J2="NÃO",Base_Original!J2="Nao"),"Não",IF(Base_Original!J2="","vazio",Base_Original!J2))) -> Não | R2: =IF(ISNUMBER(Base_Original!K2),Base_Original!K2,IF(RIGHT(Base_Original!K2,9)=" batalhas",VALUE(LEFT(Base_Original!K2,LEN(Base_Original!K2)-9)),Base_Original!K2)) -> 37 | S2: =IF($R2="vazio","vazio",IF($R2<=10,"Baixo",IF($R2<=25,"Médio","Alto"))) -> Alto | T2: =IF(AND($S2="Alto",$Q2="Sim"),"Negada","Aprovada") -> Aprovada | U2: 99000
A3: SOL002 | B3: =IF(Base_Original!A3="","vazio",IF(Base_Original!A3="ATIVO","Ativo",IF(Base_Original!A3="INATIVO","Inativo",Base_Original!A3))) -> Ativo | C3: =PROPER(Base_Original!B3) -> Aegon Blackwood | D3: 000.000.118-00 | E3: =IF($D3="","Vazio",IF(LEN(SUBSTITUTE(SUBSTITUTE($D3&"",".",""),"-",""))<>11,"Inválido","OK")) -> OK | F3: =IF($D3="","Vazio",IF(COUNTIF($D$2:$D$369,$D3)>1,"Duplicado","Único")) -> Único | G3: =IF(TRIM(Base_Original!D3)="","",SUBSTITUTE(TRIM(Base_Original!D3),"anos","")) -> 69 | H3: =IF(Tabela2[[#This Row],[Data_Nascimento]]="","Vazio",IF(Tabela2[[#This Row],[Idade_Padronizada]]="","Sem idade",DATEDIF(Tabela2[[#This Row],[Data_Nascimento]],TODAY(),"Y"))) -> 69 | I3: =IF(OR(Tabela2[[#This Row],[Idade_Padronizada]]="",Tabela2[[#This Row],[Idade_Validação]]=""),"Vazio",IF(VALUE(Tabela2[[#This Row],[Idade_Padronizada]]&"")=VALUE(Tabela2[[#This Row],[Idade_Validação]]&""),"OK","Diferente")) -> OK | J3: 21054 | K3: Jardim de Cima | L3: =PROPER(Base_Original!G3) -> Campina | M3: 23800 | N3: =IF(ISNUMBER(Base_Original!I3),Base_Original!I3,IF(RIGHT(Base_Original!I3,7)=" moedas",VALUE(LEFT(Base_Original!I3,LEN(Base_Original!I3)-7)),Base_Original!I3)) -> N/A | O3: =IF(AND($N3>50000,$Q3="Sim"),"Negada","Aprovada") -> Aprovada | P3: =IF(AND($T3="Negada",$O3="Negada"),0,IF($B3="Ativo",$U3*8%,"0")) -> 7120 | Q3: =IF(OR(Base_Original!J3="Sim",Base_Original!J3="sim",Base_Original!J3="SIM"),"Sim",IF(OR(Base_Original!J3="Não",Base_Original!J3="não",Base_Original!J3="NÃO",Base_Original!J3="Nao"),"Não",IF(Base_Original!J3="","vazio",Base_Original!J3))) -> vazio | R3: =IF(ISNUMBER(Base_Original!K3),Base_Original!K3,IF(RIGHT(Base_Original!K3,9)=" batalhas",VALUE(LEFT(Base_Original!K3,LEN(Base_Original!K3)-9)),Base_Original!K3)) -> 26 | S3: =IF($R3="vazio","vazio",IF($R3<=10,"Baixo",IF($R3<=25,"Médio","Alto"))) -> Alto | T3: =IF(AND($S3="Alto",$Q3="Sim"),"Negada","Aprovada") -> Aprovada | U3: 89000
A4: SOL003 | B4: =IF(Base_Original!A4="","vazio",IF(Base_Original!A4="ATIVO","Ativo",IF(Base_Original!A4="INATIVO","Inativo",Base_Original!A4))) -> Ativo | C4: =PROPER(Base_Original!B4) -> Aegon Bracken | D4: 000.000.244-00 | E4: =IF($D4="","Vazio",IF(LEN(SUBSTITUTE(SUBSTITUTE($D4&"",".",""),"-",""))<>11,"Inválido","OK")) -> OK | F4: =IF($D4="","Vazio",IF(COUNTIF($D$2:$D$369,$D4)>1,"Duplicado","Único")) -> Único | G4: =IF(TRIM(Base_Original!D4)="","",SUBSTITUTE(TRIM(Base_Original!D4),"anos","")) -> 69 | H4: =IF($J4="","Vazio",DATEDIF($J4,DATE(2026,9,10),"Y")) -> 69 | I4: =IF(OR(Tabela2[[#This Row],[Idade_Padronizada]]="",Tabela2[[#This Row],[Idade_Validação]]=""),"Vazio",IF(VALUE(Tabela2[[#This Row],[Idade_Padronizada]]&"")=VALUE(Tabela2[[#This Row],[Idade_Validação]]&""),"OK","Diferente")) -> OK | J4: 20725 | K4: Correrrio | L4: =PROPER(Base_Original!G4) -> Terras Fluviais | M4: 8100 | N4: =IF(ISNUMBER(Base_Original!I4),Base_Original!I4,IF(RIGHT(Base_Original!I4,7)=" moedas",VALUE(LEFT(Base_Original!I4,LEN(Base_Original!I4)-7)),Base_Original!I4)) -> 27500 | O4: =IF(AND($N4>50000,$Q4="Sim"),"Negada","Aprovada") -> Aprovada | P4: =IF(AND($T4="Negada",$O4="Negada"),0,IF($B4="Ativo",$U4*8%,"0")) -> 5800 | Q4: =IF(OR(Base_Original!J4="Sim",Base_Original!J4="sim",Base_Original!J4="SIM"),"Sim",IF(OR(Base_Original!J4="Não",Base_Original!J4="não",Base_Original!J4="NÃO",Base_Original!J4="Nao"),"Não",IF(Base_Original!J4="","vazio",Base_Original!J4))) -> Não | R4: =IF(ISNUMBER(Base_Original!K4),Base_Original!K4,IF(RIGHT(Base_Original!K4,9)=" batalhas",VALUE(LEFT(Base_Original!K4,LEN(Base_Original!K4)-9)),Base_Original!K4)) -> 42 | S4: =IF($R4="vazio","vazio",IF($R4<=10,"Baixo",IF($R4<=25,"Médio","Alto"))) -> Alto | T4: =IF(AND($S4="Alto",$Q4="Sim"),"Negada","Aprovada") -> Aprovada | U4: 72500
A5: SOL004 | B5: =IF(Base_Original!A5="","vazio",IF(Base_Original!A5="ATIVO","Ativo",IF(Base_Original!A5="INATIVO","Inativo",Base_Original!A5))) -> Inativo | C5: =PROPER(Base_Original!B5) -> Aegon Florent | D5: 27100 | E5: =IF($D5="","Vazio",IF(LEN(SUBSTITUTE(SUBSTITUTE($D5&"",".",""),"-",""))<>11,"Inválido","OK")) -> Inválido | F5: =IF($D5="","Vazio",IF(COUNTIF($D$2:$D$369,$D5)>1,"Duplicado","Único")) -> Único | G5: =IF(TRIM(Base_Original!D5)="","",SUBSTITUTE(TRIM(Base_Original!D5),"anos","")) -> 55 | H5: =IF($J5="","Vazio",DATEDIF($J5,DATE(2026,9,10),"Y")) -> 55 | I5: =IF(OR(Tabela2[[#This Row],[Idade_Padronizada]]="",Tabela2[[#This Row],[Idade_Validação]]=""),"Vazio",IF(VALUE(Tabela2[[#This Row],[Idade_Padronizada]]&"")=VALUE(Tabela2[[#This Row],[Idade_Validação]]&""),"OK","Diferente")) -> OK | J5: 25895 | K5: Meereen | L5: =PROPER(Base_Original!G5) -> Essos | M5: 6800 | N5: =IF(ISNUMBER(Base_Original!I5),Base_Original!I5,IF(RIGHT(Base_Original!I5,7)=" moedas",VALUE(LEFT(Base_Original!I5,LEN(Base_Original!I5)-7)),Base_Original!I5)) -> 12000 | O5: =IF(AND($N5>50000,$Q5="Sim"),"Negada","Aprovada") -> Aprovada | P5: =IF(AND($T5="Negada",$O5="Negada"),0,IF($B5="Ativo",$U5*8%,"0")) -> 0 | Q5: =IF(OR(Base_Original!J5="Sim",Base_Original!J5="sim",Base_Original!J5="SIM"),"Sim",IF(OR(Base_Original!J5="Não",Base_Original!J5="não",Base_Original!J5="NÃO",Base_Original!J5="Nao"),"Não",IF(Base_Original!J5="","vazio",Base_Original!J5))) -> Não | R5: =IF(ISNUMBER(Base_Original!K5),Base_Original!K5,IF(RIGHT(Base_Original!K5,9)=" batalhas",VALUE(LEFT(Base_Original!K5,LEN(Base_Original!K5)-9)),Base_Original!K5)) -> 6 | S5: =IF($R5="vazio","vazio",IF($R5<=10,"Baixo",IF($R5<=25,"Médio","Alto"))) -> Baixo | T5: =IF(AND($S5="Alto",$Q5="Sim"),"Negada","Aprovada") -> Aprovada | U5: 11000
A6: SOL005 | B6: =IF(Base_Original!A6="","vazio",IF(Base_Original!A6="ATIVO","Ativo",IF(Base_Original!A6="INATIVO","Inativo",Base_Original!A6))) -> Ativo | C6: =PROPER(Base_Original!B6) -> Aegon Frey | D6: 000.000.338-00 | E6: =IF($D6="","Vazio",IF(LEN(SUBSTITUTE(SUBSTITUTE($D6&"",".",""),"-",""))<>11,"Inválido","OK")) -> OK | F6: =IF($D6="","Vazio",IF(COUNTIF($D$2:$D$369,$D6)>1,"Duplicado","Único")) -> Único | G6: =IF(TRIM(Base_Original!D6)="","",SUBSTITUTE(TRIM(Base_Original!D6),"anos","")) -> 56 | H6: =IF($J6="","Vazio",DATEDIF($J6,DATE(2026,9,10),"Y")) -> 56 | I6: =IF(OR(Tabela2[[#This Row],[Idade_Padronizada]]="",Tabela2[[#This Row],[Idade_Validação]]=""),"Vazio",IF(VALUE(Tabela2[[#This Row],[Idade_Padronizada]]&"")=VALUE(Tabela2[[#This Row],[Idade_Validação]]&""),"OK","Diferente")) -> OK | J6: 25525 | K6: Dorne | L6: =PROPER(Base_Original!G6) -> Dorne | M6: 11100 | N6: =IF(ISNUMBER(Base_Original!I6),Base_Original!I6,IF(RIGHT(Base_Original!I6,7)=" moedas",VALUE(LEFT(Base_Original!I6,LEN(Base_Original!I6)-7)),Base_Original!I6)) -> 63000 | O6: =IF(AND($N6>50000,$Q6="Sim"),"Negada","Aprovada") -> Aprovada | P6: =IF(AND($T6="Negada",$O6="Negada"),0,IF($B6="Ativo",$U6*8%,"0")) -> 4480 | Q6: =IF(OR(Base_Original!J6="Sim",Base_Original!J6="sim",Base_Original!J6="SIM"),"Sim",IF(OR(Base_Original!J6="Não",Base_Original!J6="não",Base_Original!J6="NÃO",Base_Original!J6="Nao"),"Não",IF(Base_Original!J6="","vazio",Base_Original!J6))) -> Não | R6: =IF(ISNUMBER(Base_Original!K6),Base_Original!K6,IF(RIGHT(Base_Original!K6,9)=" batalhas",VALUE(LEFT(Base_Original!K6,LEN(Base_Original!K6)-9)),Base_Original!K6)) -> 0 | S6: =IF($R6="vazio","vazio",IF($R6<=10,"Baixo",IF($R6<=25,"Médio","Alto"))) -> Baixo | T6: =IF(AND($S6="Alto",$Q6="Sim"),"Negada","Aprovada") -> Aprovada | U6: 56000
A7: SOL006 | B7: =IF(Base_Original!A7="","vazio",IF(Base_Original!A7="ATIVO","Ativo",IF(Base_Original!A7="INATIVO","Inativo",Base_Original!A7))) -> Inativo | C7: =PROPER(Base_Original!B7) -> Aegon Hornwood | D7: 17100 | E7: =IF($D7="","Vazio",IF(LEN(SUBSTITUTE(SUBSTITUTE($D7&"",".",""),"-",""))<>11,"Inválido","OK")) -> Inválido | F7: =IF($D7="","Vazio",IF(COUNTIF($D$2:$D$369,$D7)>1,"Duplicado","Único")) -> Único | G7: =IF(TRIM(Base_Original!D7)="","",SUBSTITUTE(TRIM(Base_Original!D7),"anos","")) -> 45 | H7: =IF($J7="","Vazio",DATEDIF($J7,DATE(2026,9,10),"Y")) -> 45 | I7: =IF(OR(Tabela2[[#This Row],[Idade_Padronizada]]="",Tabela2[[#This Row],[Idade_Validação]]=""),"Vazio",IF(VALUE(Tabela2[[#This Row],[Idade_Padronizada]]&"")=VALUE(Tabela2[[#This Row],[Idade_Validação]]&""),"OK","Diferente")) -> OK | J7: 29506 | K7: Solar do Entardecer | L7: =PROPER(Base_Original!G7) -> Terras Da Tempestade | M7: 5100 | N7: =IF(ISNUMBER(Base_Original!I7),Base_Original!I7,IF(RIGHT(Base_Original!I7,7)=" moedas",VALUE(LEFT(Base_Original!I7,LEN(Base_Original!I7)-7)),Base_Original!I7)) -> 25000 | O7: =IF(AND($N7>50000,$Q7="Sim"),"Negada","Aprovada") -> Aprovada | P7: =IF(AND($T7="Negada",$O7="Negada"),0,IF($B7="Ativo",$U7*8%,"0")) -> 0 | Q7: =IF(OR(Base_Original!J7="Sim",Base_Original!J7="sim",Base_Original!J7="SIM"),"Sim",IF(OR(Base_Original!J7="Não",Base_Original!J7="não",Base_Original!J7="NÃO",Base_Original!J7="Nao"),"Não",IF(Base_Original!J7="","vazio",Base_Original!J7))) -> Não | R7: =IF(ISNUMBER(Base_Original!K7),Base_Original!K7,IF(RIGHT(Base_Original!K7,9)=" batalhas",VALUE(LEFT(Base_Original!K7,LEN(Base_Original!K7)-9)),Base_Original!K7)) -> 29 | S7: =IF($R7="vazio","vazio",IF($R7<=10,"Baixo",IF($R7<=25,"Médio","Alto"))) -> Alto | T7: =IF(AND($S7="Alto",$Q7="Sim"),"Negada","Aprovada") -> Aprovada | U7: 88000
A8: SOL007 | B8: =IF(Base_Original!A8="","vazio",IF(Base_Original!A8="ATIVO","Ativo",IF(Base_Original!A8="INATIVO","Inativo",Base_Original!A8))) -> Ativo | C8: =PROPER(Base_Original!B8) -> Aegon Marbrand | D8: 35200 | E8: =IF($D8="","Vazio",IF(LEN(SUBSTITUTE(SUBSTITUTE($D8&"",".",""),"-",""))<>11,"Inválido","OK")) -> Inválido | F8: =IF($D8="","Vazio",IF(COUNTIF($D$2:$D$369,$D8)>1,"Duplicado","Único")) -> Único | G8: =IF(TRIM(Base_Original!D8)="","",SUBSTITUTE(TRIM(Base_Original!D8),"anos","")) -> 65 | H8: =IF($J8="","Vazio",DATEDIF($J8,DATE(2026,9,10),"Y")) -> 65 | I8: =IF(OR(Tabela2[[#This Row],[Idade_Padronizada]]="",Tabela2[[#This Row],[Idade_Validação]]=""),"Vazio",IF(VALUE(Tabela2[[#This Row],[Idade_Padronizada]]&"")=VALUE(Tabela2[[#This Row],[Idade_Validação]]&""),"OK","Diferente")) -> OK | J8: 22337 | K8: Castelo Negro | L8: =PROPER(Base_Original!G8) -> Norte | M8: 3800 | N8: =IF(ISNUMBER(Base_Original!I8),Base_Original!I8,IF(RIGHT(Base_Original!I8,7)=" moedas",VALUE(LEFT(Base_Original!I8,LEN(Base_Original!I8)-7)),Base_Original!I8)) -> 49500 | O8: =IF(AND($N8>50000,$Q8="Sim"),"Negada","Aprovada") -> Aprovada | P8: =IF(AND($T8="Negada",$O8="Negada"),0,IF($B8="Ativo",$U8*8%,"0")) -> 1240 | Q8: =IF(OR(Base_Original!J8="Sim",Base_Original!J8="sim",Base_Original!J8="SIM"),"Sim",IF(OR(Base_Original!J8="Não",Base_Original!J8="não",Base_Original!J8="NÃO",Base_Original!J8="Nao"),"Não",IF(Base_Original!J8="","vazio",Base_Original!J8))) -> Não | R8: =IF(ISNUMBER(Base_Original!K8),Base_Original!K8,IF(RIGHT(Base_Original!K8,9)=" batalhas",VALUE(LEFT(Base_Original!K8,LEN(Base_Original!K8)-9)),Base_Original!K8)) -> 16 | S8: =IF($R8="vazio","vazio",IF($R8<=10,"Baixo",IF($R8<=25,"Médio","Alto"))) -> Médio | T8: =IF(AND($S8="Alto",$Q8="Sim"),"Negada","Aprovada") -> Aprovada | U8: 15500
A9: SOL008 | B9: =IF(Base_Original!A9="","vazio",IF(Base_Original!A9="ATIVO","Ativo",IF(Base_Original!A9="INATIVO","Inativo",Base_Original!A9))) -> Ativo | C9: =PROPER(Base_Original!B9) -> Aegon Redwyne | D9: 000.000.347-00 | E9: =IF($D9="","Vazio",IF(LEN(SUBSTITUTE(SUBSTITUTE($D9&"",".",""),"-",""))<>11,"Inválido","OK")) -> OK | F9: =IF($D9="","Vazio",IF(COUNTIF($D$2:$D$369,$D9)>1,"Duplicado","Único")) -> Único | G9: =IF(TRIM(Base_Original!D9)="","",SUBSTITUTE(TRIM(Base_Original!D9),"anos","")) -> 19 | H9: =IF($J9="","Vazio",DATEDIF($J9,DATE(2026,9,10),"Y")) -> 19 | I9: =IF(OR(Tabela2[[#This Row],[Idade_Padronizada]]="",Tabela2[[#This Row],[Idade_Validação]]=""),"Vazio",IF(VALUE(Tabela2[[#This Row],[Idade_Padronizada]]&"")=VALUE(Tabela2[[#This Row],[Idade_Validação]]&""),"OK","Diferente")) -> OK | J9: 39016 | K9: Pyke | L9: =PROPER(Base_Original!G9) -> Ilhas De Ferro | M9: 14900 | N9: =IF(ISNUMBER(Base_Original!I9),Base_Original!I9,IF(RIGHT(Base_Original!I9,7)=" moedas",VALUE(LEFT(Base_Original!I9,LEN(Base_Original!I9)-7)),Base_Original!I9)) -> 17000 | O9: =IF(AND($N9>50000,$Q9="Sim"),"Negada","Aprovada") -> Aprovada | P9: =IF(AND($T9="Negada",$O9="Negada"),0,IF($B9="Ativo",$U9*8%,"0")) -> 2360 | Q9: =IF(OR(Base_Original!J9="Sim",Base_Original!J9="sim",Base_Original!J9="SIM"),"Sim",IF(OR(Base_Original!J9="Não",Base_Original!J9="não",Base_Original!J9="NÃO",Base_Original!J9="Nao"),"Não",IF(Base_Original!J9="","vazio",Base_Original!J9))) -> Não | R9: =IF(ISNUMBER(Base_Original!K9),Base_Original!K9,IF(RIGHT(Base_Original!K9,9)=" batalhas",VALUE(LEFT(Base_Original!K9,LEN(Base_Original!K9)-9)),Base_Original!K9)) -> 20 | S9: =IF($R9="vazio","vazio",IF($R9<=10,"Baixo",IF($R9<=25,"Médio","Alto"))) -> Médio | T9: =IF(AND($S9="Alto",$Q9="Sim"),"Negada","Aprovada") -> Aprovada | U9: 29500
A10: SOL009 | B10: =IF(Base_Original!A10="","vazio",IF(Base_Original!A10="ATIVO","Ativo",IF(Base_Original!A10="INATIVO","Inativo",Base_Original!A10))) -> Inativo | C10: =PROPER(Base_Original!B10) -> Aegon Umber | D10: 000.000.356-00 | E10: =IF($D10="","Vazio",IF(LEN(SUBSTITUTE(SUBSTITUTE($D10&"",".",""),"-",""))<>11,"Inválido","OK")) -> OK | F10: =IF($D10="","Vazio",IF(COUNTIF($D$2:$D$369,$D10)>1,"Duplicado","Único")) -> Único | G10: =IF(TRIM(Base_Original!D10)="","",SUBSTITUTE(TRIM(Base_Original!D10),"anos","")) -> 66 | H10: =IF($J10="","Vazio",DATEDIF($J10,DATE(2026,9,10),"Y")) -> 66 | I10: =IF(OR(Tabela2[[#This Row],[Idade_Padronizada]]="",Tabela2[[#This Row],[Idade_Validação]]=""),"Vazio",IF(VALUE(Tabela2[[#This Row],[Idade_Padronizada]]&"")=VALUE(Tabela2[[#This Row],[Idade_Validação]]&""),"OK","Diferente")) -> OK | J10: 22101 | K10: Meereen | L10: =PROPER(Base_Original!G10) -> Essos | M10: 16800 | N10: =IF(ISNUMBER(Base_Original!I10),Base_Original!I10,IF(RIGHT(Base_Original!I10,7)=" moedas",VALUE(LEFT(Base_Original!I10,LEN(Base_Original!I10)-7)),Base_Original!I10)) -> 79500 | O10: =IF(AND($N10>50000,$Q10="Sim"),"Negada","Aprovada") -> Aprovada | P10: =IF(AND($T10="Negada",$O10="Negada"),0,IF($B10="Ativo",$U10*8%,"0")) -> 0 | Q10: =IF(OR(Base_Original!J10="Sim",Base_Original!J10="sim",Base_Original!J10="SIM"),"Sim",IF(OR(Base_Original!J10="Não",Base_Original!J10="não",Base_Original!J10="NÃO",Base_Original!J10="Nao"),"Não",IF(Base_Original!J10="","vazio",Base_Original!J10))) -> Não | R10: =IF(ISNUMBER(Base_Original!K10),Base_Original!K10,IF(RIGHT(Base_Original!K10,9)=" batalhas",VALUE(LEFT(Base_Original!K10,LEN(Base_Original!K10)-9)),Base_Original!K10)) -> 36 | S10: =IF($R10="vazio","vazio",IF($R10<=10,"Baixo",IF($R10<=25,"Médio","Alto"))) -> Alto | T10: =IF(AND($S10="Alto",$Q10="Sim"),"Negada","Aprovada") -> Aprovada | U10: 1500
A11: SOL010 | B11: =IF(Base_Original!A11="","vazio",IF(Base_Original!A11="ATIVO","Ativo",IF(Base_Original!A11="INATIVO","Inativo",Base_Original!A11))) -> Ativo | C11: =PROPER(Base_Original!B11) -> Arya Marbrand | D11: 000.000.133-00 | E11: =IF($D11="","Vazio",IF(LEN(SUBSTITUTE(SUBSTITUTE($D11&"",".",""),"-",""))<>11,"Inválido","OK")) -> OK | F11: =IF($D11="","Vazio",IF(COUNTIF($D$2:$D$369,$D11)>1,"Duplicado","Único")) -> Único | G11: =IF(TRIM(Base_Original!D11)="","",SUBSTITUTE(TRIM(Base_Original!D11),"anos","")) -> 24 | H11: =IF($J11="","Vazio",DATEDIF($J11,DATE(2026,9,10),"Y")) -> 24 | I11: =IF(OR(Tabela2[[#This Row],[Idade_Padronizada]]="",Tabela2[[#This Row],[Idade_Validação]]=""),"Vazio",IF(VALUE(Tabela2[[#This Row],[Idade_Padronizada]]&"")=VALUE(Tabela2[[#This Row],[Idade_Validação]]&""),"OK","Diferente")) -> OK | J11: 37172 | K11: Ninho da Águia | L11: =PROPER(Base_Original!G11) -> Vale | M11: 21600 | N11: =IF(ISNUMBER(Base_Original!I11),Base_Original!I11,IF(RIGHT(Base_Original!I11,7)=" moedas",VALUE(LEFT(Base_Original!I11,LEN(Base_Original!I11)-7)),Base_Original!I11)) -> 25000 | O11: =IF(AND($N11>50000,$Q11="Sim"),"Negada","Aprovada") -> Aprovada | P11: =IF(AND($T11="Negada",$O11="Negada"),0,IF($B11="Ativo",$U11*8%,"0")) -> 1400 | Q11: =IF(OR(Base_Original!J11="Sim",Base_Original!J11="sim",Base_Original!J11="SIM"),"Sim",IF(OR(Base_Original!J11="Não",Base_Original!J11="não",Base_Original!J11="NÃO",Base_Original!J11="Nao"),"Não",IF(Base_Original!J11="","vazio",Base_Original!J11))) -> Não | R11: =IF(ISNUMBER(Base_Original!K11),Base_Original!K11,IF(RIGHT(Base_Original!K11,9)=" batalhas",VALUE(LEFT(Base_Original!K11,LEN(Base_Original!K11)-9)),Base_Original!K11)) -> 33 | S11: =IF($R11="vazio","vazio",IF($R11<=10,"Baixo",IF($R11<=25,"Médio","Alto"))) -> Alto | T11: =IF(AND($S11="Alto",$Q11="Sim"),"Negada","Aprovada") -> Aprovada | U11: 17500
A12: SOL011 | B12: =IF(Base_Original!A12="","vazio",IF(Base_Original!A12="ATIVO","Ativo",IF(Base_Original!A12="INATIVO","Inativo",Base_Original!A12))) -> Ativo | C12: =PROPER(Base_Original!B12) -> Arya Redwyne | D12: 000.000.333-00 | E12: =IF($D12="","Vazio",IF(LEN(SUBSTITUTE(SUBSTITUTE($D12&"",".",""),"-",""))<>11,"Inválido","OK")) -> OK | F12: =IF($D12="","Vazio",IF(COUNTIF($D$2:$D$369,$D12)>1,"Duplicado","Único")) -> Único | G12: =IF(TRIM(Base_Original!D12)="","",SUBSTITUTE(TRIM(Base_Original!D12),"anos","")) -> 21 | H12: =IF($J12="","Vazio",DATEDIF($J12,DATE(2026,9,10),"Y")) -> 21 | I12: =IF(OR(Tabela2[[#This Row],[Idade_Padronizada]]="",Tabela2[[#This Row],[Idade_Validação]]=""),"Vazio",IF(VALUE(Tabela2[[#This Row],[Idade_Padronizada]]&"")=VALUE(Tabela2[[#This Row],[Idade_Validação]]&""),"OK","Diferente")) -> OK | J12: 38323 | K12: Correrrio | L12: =PROPER(Base_Original!G12) -> Terras Fluviais | M12: 3800 | N12: 0 | O12: =IF(AND($N12>50000,$Q12="Sim"),"Negada","Aprovada") -> Aprovada | P12: =IF(AND($T12="Negada",$O12="Negada"),0,IF($B12="Ativo",$U12*8%,"0")) -> 4000 | Q12: =IF(OR(Base_Original!J12="Sim",Base_Original!J12="sim",Base_Original!J12="SIM"),"Sim",IF(OR(Base_Original!J12="Não",Base_Original!J12="não",Base_Original!J12="NÃO",Base_Original!J12="Nao"),"Não",IF(Base_Original!J12="","vazio",Base_Original!J12))) -> Não | R12: =IF(ISNUMBER(Base_Original!K12),Base_Original!K12,IF(RIGHT(Base_Original!K12,9)=" batalhas",VALUE(LEFT(Base_Original!K12,LEN(Base_Original!K12)-9)),Base_Original!K12)) -> 25 | S12: =IF($R12="vazio","vazio",IF($R12<=10,"Baixo",IF($R12<=25,"Médio","Alto"))) -> Médio | T12: =IF(AND($S12="Alto",$Q12="Sim"),"Negada","Aprovada") -> Aprovada | U12: 50000
A13: SOL012 | B13: =IF(Base_Original!A13="","vazio",IF(Base_Original!A13="ATIVO","Ativo",IF(Base_Original!A13="INATIVO","Inativo",Base_Original!A13))) -> Inativo | C13: =PROPER(Base_Original!B13) -> Asha Arryn | D13: 000.000.122-00 | E13: =IF($D13="","Vazio",IF(LEN(SUBSTITUTE(SUBSTITUTE($D13&"",".",""),"-",""))<>11,"Inválido","OK")) -> OK | F13: =IF($D13="","Vazio",IF(COUNTIF($D$2:$D$369,$D13)>1,"Duplicado","Único")) -> Único | G13: =IF(TRIM(Base_Original!D13)="","",SUBSTITUTE(TRIM(Base_Original!D13),"anos","")) -> 49 | H13: =IF($J13="","Vazio",DATEDIF($J13,DATE(2026,9,10),"Y")) -> 49 | I13: =IF(OR(Tabela2[[#This Row],[Idade_Padronizada]]="",Tabela2[[#This Row],[Idade_Validação]]=""),"Vazio",IF(VALUE(Tabela2[[#This Row],[Idade_Padronizada]]&"")=VALUE(Tabela2[[#This Row],[Idade_Validação]]&""),"OK","Diferente")) -> OK | J13: 28049 | K13: Castelo Negro | L13: =PROPER(Base_Original!G13) -> Norte | M13: 25200 | N13: =IF(ISNUMBER(Base_Original!I13),Base_Original!I13,IF(RIGHT(Base_Original!I13,7)=" moedas",VALUE(LEFT(Base_Original!I13,LEN(Base_Original!I13)-7)),Base_Original!I13)) -> 59500 | O13: =IF(AND($N13>50000,$Q13="Sim"),"Negada","Aprovada") -> Aprovada | P13: =IF(AND($T13="Negada",$O13="Negada"),0,IF($B13="Ativo",$U13*8%,"0")) -> 0 | Q13: =IF(OR(Base_Original!J13="Sim",Base_Original!J13="sim",Base_Original!J13="SIM"),"Sim",IF(OR(Base_Original!J13="Não",Base_Original!J13="não",Base_Original!J13="NÃO",Base_Original!J13="Nao"),"Não",IF(Base_Original!J13="","vazio",Base_Original!J13))) -> Não | R13: =IF(ISNUMBER(Base_Original!K13),Base_Original!K13,IF(RIGHT(Base_Original!K13,9)=" batalhas",VALUE(LEFT(Base_Original!K13,LEN(Base_Original!K13)-9)),Base_Original!K13)) -> 37 | S13: =IF($R13="vazio","vazio",IF($R13<=10,"Baixo",IF($R13<=25,"Médio","Alto"))) -> Alto | T13: =IF(AND($S13="Alto",$Q13="Sim"),"Negada","Aprovada") -> Aprovada | U13: 86500
A14: SOL013 | B14: =IF(Base_Original!A14="","vazio",IF(Base_Original!A14="ATIVO","Ativo",IF(Base_Original!A14="INATIVO","Inativo",Base_Original!A14))) -> Ativo | C14: =PROPER(Base_Original!B14) -> Asha Baratheon | D14: 000.000.195-00 | E14: =IF($D14="","Vazio",IF(LEN(SUBSTITUTE(SUBSTITUTE($D14&"",".",""),"-",""))<>11,"Inválido","OK")) -> OK | F14: =IF($D14="","Vazio",IF(COUNTIF($D$2:$D$369,$D14)>1,"Duplicado","Único")) -> Único | G14: =IF(TRIM(Base_Original!D14)="","",SUBSTITUTE(TRIM(Base_Original!D14),"anos","")) -> 70 | H14: =IF($J14="","Vazio",DATEDIF($J14,DATE(2026,9,10),"Y")) -> 70 | I14: =IF(OR(Tabela2[[#This Row],[Idade_Padronizada]]="",Tabela2[[#This Row],[Idade_Validação]]=""),"Vazio",IF(VALUE(Tabela2[[#This Row],[Idade_Padronizada]]&"")=VALUE(Tabela2[[#This Row],[Idade_Validação]]&""),"OK","Diferente")) -> OK | J14: 20570 | K14: Braavos | L14: =PROPER(Base_Original!G14) -> Essos | M14: 16300 | N14: =IF(ISNUMBER(Base_Original!I14),Base_Original!I14,IF(RIGHT(Base_Original!I14,7)=" moedas",VALUE(LEFT(Base_Original!I14,LEN(Base_Original!I14)-7)),Base_Original!I14)) -> 16500 | O14: =IF(AND($N14>50000,$Q14="Sim"),"Negada","Aprovada") -> Aprovada | P14: =IF(AND($T14="Negada",$O14="Negada"),0,IF($B14="Ativo",$U14*8%,"0")) -> 5240 | Q14: =IF(OR(Base_Original!J14="Sim",Base_Original!J14="sim",Base_Original!J14="SIM"),"Sim",IF(OR(Base_Original!J14="Não",Base_Original!J14="não",Base_Original!J14="NÃO",Base_Original!J14="Nao"),"Não",IF(Base_Original!J14="","vazio",Base_Original!J14))) -> Não | R14: =IF(ISNUMBER(Base_Original!K14),Base_Original!K14,IF(RIGHT(Base_Original!K14,9)=" batalhas",VALUE(LEFT(Base_Original!K14,LEN(Base_Original!K14)-9)),Base_Original!K14)) -> 25 | S14: =IF($R14="vazio","vazio",IF($R14<=10,"Baixo",IF($R14<=25,"Médio","Alto"))) -> Médio | T14: =IF(AND($S14="Alto",$Q14="Sim"),"Negada","Aprovada") -> Aprovada | U14: 65500
A15: SOL014 | B15: =IF(Base_Original!A15="","vazio",IF(Base_Original!A15="ATIVO","Ativo",IF(Base_Original!A15="INATIVO","Inativo",Base_Original!A15))) -> Ativo | C15: =PROPER(Base_Original!B15) -> Asha Blackwood | D15: 000.000.085-00 | E15: =IF($D15="","Vazio",IF(LEN(SUBSTITUTE(SUBSTITUTE($D15&"",".",""),"-",""))<>11,"Inválido","OK")) -> OK | F15: =IF($D15="","Vazio",IF(COUNTIF($D$2:$D$369,$D15)>1,"Duplicado","Único")) -> Único | G15: =IF(TRIM(Base_Original!D15)="","",SUBSTITUTE(TRIM(Base_Original!D15),"anos","")) -> 50 | H15: =IF($J15="","Vazio",DATEDIF($J15,DATE(2026,9,10),"Y")) -> 50 | I15: =IF(OR(Tabela2[[#This Row],[Idade_Padronizada]]="",Tabela2[[#This Row],[Idade_Validação]]=""),"Vazio",IF(VALUE(Tabela2[[#This Row],[Idade_Padronizada]]&"")=VALUE(Tabela2[[#This Row],[Idade_Validação]]&""),"OK","Diferente")) -> OK | J15: 27886 | K15: Dorne | L15: =PROPER(Base_Original!G15) -> Dorne | M15: 16100 | N15: =IF(ISNUMBER(Base_Original!I15),Base_Original!I15,IF(RIGHT(Base_Original!I15,7)=" moedas",VALUE(LEFT(Base_Original!I15,LEN(Base_Original!I15)-7)),Base_Original!I15)) -> 8000 | O15: =IF(AND($N15>50000,$Q15="Sim"),"Negada","Aprovada") -> Aprovada | P15: =IF(AND($T15="Negada",$O15="Negada"),0,IF($B15="Ativo",$U15*8%,"0")) -> 2160 | Q15: =IF(OR(Base_Original!J15="Sim",Base_Original!J15="sim",Base_Original!J15="SIM"),"Sim",IF(OR(Base_Original!J15="Não",Base_Original!J15="não",Base_Original!J15="NÃO",Base_Original!J15="Nao"),"Não",IF(Base_Original!J15="","vazio",Base_Original!J15))) -> Sim | R15: =IF(ISNUMBER(Base_Original!K15),Base_Original!K15,IF(RIGHT(Base_Original!K15,9)=" batalhas",VALUE(LEFT(Base_Original!K15,LEN(Base_Original!K15)-9)),Base_Original!K15)) -> 30 | S15: =IF($R15="vazio","vazio",IF($R15<=10,"Baixo",IF($R15<=25,"Médio","Alto"))) -> Alto | T15: =IF(AND($S15="Alto",$Q15="Sim"),"Negada","Aprovada") -> Negada | U15: 27000
A16: SOL015 | B16: =IF(Base_Original!A16="","vazio",IF(Base_Original!A16="ATIVO","Ativo",IF(Base_Original!A16="INATIVO","Inativo",Base_Original!A16))) -> Inativo | C16: =PROPER(Base_Original!B16) -> Asha Bolton | D16: 6900 | E16: =IF($D16="","Vazio",IF(LEN(SUBSTITUTE(SUBSTITUTE($D16&"",".",""),"-",""))<>11,"Inválido","OK")) -> Inválido | F16: =IF($D16="","Vazio",IF(COUNTIF($D$2:$D$369,$D16)>1,"Duplicado","Único")) -> Único | G16: =IF(TRIM(Base_Original!D16)="","",SUBSTITUTE(TRIM(Base_Original!D16),"anos","")) -> 51 | H16: =IF($J16="","Vazio",DATEDIF($J16,DATE(2026,9,10),"Y")) -> 51 | I16: =IF(OR(Tabela2[[#This Row],[Idade_Padronizada]]="",Tabela2[[#This Row],[Idade_Validação]]=""),"Vazio",IF(VALUE(Tabela2[[#This Row],[Idade_Padronizada]]&"")=VALUE(Tabela2[[#This Row],[Idade_Validação]]&""),"OK","Diferente")) -> OK | J16: 27590 | K16: Castelo Negro | L16: =PROPER(Base_Original!G16) -> Norte | M16: 19400 | N16: =IF(ISNUMBER(Base_Original!I16),Base_Original!I16,IF(RIGHT(Base_Original!I16,7)=" moedas",VALUE(LEFT(Base_Original!I16,LEN(Base_Original!I16)-7)),Base_Original!I16)) -> 4000 | O16: =IF(AND($N16>50000,$Q16="Sim"),"Negada","Aprovada") -> Aprovada | P16: =IF(AND($T16="Negada",$O16="Negada"),0,IF($B16="Ativo",$U16*8%,"0")) -> 0 | Q16: =IF(OR(Base_Original!J16="Sim",Base_Original!J16="sim",Base_Original!J16="SIM"),"Sim",IF(OR(Base_Original!J16="Não",Base_Original!J16="não",Base_Original!J16="NÃO",Base_Original!J16="Nao"),"Não",IF(Base_Original!J16="","vazio",Base_Original!J16))) -> Não | R16: =IF(ISNUMBER(Base_Original!K16),Base_Original!K16,IF(RIGHT(Base_Original!K16,9)=" batalhas",VALUE(LEFT(Base_Original!K16,LEN(Base_Original!K16)-9)),Base_Original!K16)) -> 30 | S16: =IF($R16="vazio","vazio",IF($R16<=10,"Baixo",IF($R16<=25,"Médio","Alto"))) -> Alto | T16: =IF(AND($S16="Alto",$Q16="Sim"),"Negada","Aprovada") -> Aprovada | U16: 38500
A17: SOL016 | B17: =IF(Base_Original!A17="","vazio",IF(Base_Original!A17="ATIVO","Ativo",IF(Base_Original!A17="INATIVO","Inativo",Base_Original!A17))) -> Ativo | C17: =PROPER(Base_Original!B17) -> Asha Hornwood | D17: 000.000.363-00 | E17: =IF($D17="","Vazio",IF(LEN(SUBSTITUTE(SUBSTITUTE($D17&"",".",""),"-",""))<>11,"Inválido","OK")) -> OK | F17: =IF($D17="","Vazio",IF(COUNTIF($D$2:$D$369,$D17)>1,"Duplicado","Único")) -> Único | G17: =IF(TRIM(Base_Original!D17)="","",SUBSTITUTE(TRIM(Base_Original!D17),"anos","")) -> 33 | H17: =IF($J17="","Vazio",DATEDIF($J17,DATE(2026,9,10),"Y")) -> 33 | I17: =IF(OR(Tabela2[[#This Row],[Idade_Padronizada]]="",Tabela2[[#This Row],[Idade_Validação]]=""),"Vazio",IF(VALUE(Tabela2[[#This Row],[Idade_Padronizada]]&"")=VALUE(Tabela2[[#This Row],[Idade_Validação]]&""),"OK","Diferente")) -> OK | J17: 34144 | K17: Pedra do Dragão | L17: =PROPER(Base_Original!G17) -> Terras Da Coroa | M17: 21500 | N17: =IF(ISNUMBER(Base_Original!I17),Base_Original!I17,IF(RIGHT(Base_Original!I17,7)=" moedas",VALUE(LEFT(Base_Original!I17,LEN(Base_Original!I17)-7)),Base_Original!I17)) -> N/A | O17: =IF(AND($N17>50000,$Q17="Sim"),"Negada","Aprovada") -> Aprovada | P17: =IF(AND($T17="Negada",$O17="Negada"),0,IF($B17="Ativo",$U17*8%,"0")) -> 4120 | Q17: =IF(OR(Base_Original!J17="Sim",Base_Original!J17="sim",Base_Original!J17="SIM"),"Sim",IF(OR(Base_Original!J17="Não",Base_Original!J17="não",Base_Original!J17="NÃO",Base_Original!J17="Nao"),"Não",IF(Base_Original!J17="","vazio",Base_Original!J17))) -> Não | R17: =IF(ISNUMBER(Base_Original!K17),Base_Original!K17,IF(RIGHT(Base_Original!K17,9)=" batalhas",VALUE(LEFT(Base_Original!K17,LEN(Base_Original!K17)-9)),Base_Original!K17)) -> 22 | S17: =IF($R17="vazio","vazio",IF($R17<=10,"Baixo",IF($R17<=25,"Médio","Alto"))) -> Médio | T17: =IF(AND($S17="Alto",$Q17="Sim"),"Negada","Aprovada") -> Aprovada | U17: 51500
A18: SOL017 | B18: =IF(Base_Original!A18="","vazio",IF(Base_Original!A18="ATIVO","Ativo",IF(Base_Original!A18="INATIVO","Inativo",Base_Original!A18))) -> Inativo | C18: =PROPER(Base_Original!B18) -> Asha Manderly | D18: 000.000.357-00 | E18: =IF($D18="","Vazio",IF(LEN(SUBSTITUTE(SUBSTITUTE($D18&"",".",""),"-",""))<>11,"Inválido","OK")) -> OK | F18: =IF($D18="","Vazio",IF(COUNTIF($D$2:$D$369,$D18)>1,"Duplicado","Único")) -> Único | G18: =IF(TRIM(Base_Original!D18)="","",SUBSTITUTE(TRIM(Base_Original!D18),"anos","")) -> 29 | H18: =IF($J18="","Vazio",DATEDIF($J18,DATE(2026,9,10),"Y")) -> 29 | I18: =IF(OR(Tabela2[[#This Row],[Idade_Padronizada]]="",Tabela2[[#This Row],[Idade_Validação]]=""),"Vazio",IF(VALUE(Tabela2[[#This Row],[Idade_Padronizada]]&"")=VALUE(Tabela2[[#This Row],[Idade_Validação]]&""),"OK","Diferente")) -> OK | J18: 35607 | K18: Ilha dos Ursos | L18: =PROPER(Base_Original!G18) -> Norte | M18: 13800 | N18: =IF(ISNUMBER(Base_Original!I18),Base_Original!I18,IF(RIGHT(Base_Original!I18,7)=" moedas",VALUE(LEFT(Base_Original!I18,LEN(Base_Original!I18)-7)),Base_Original!I18)) -> 41500 | O18: =IF(AND($N18>50000,$Q18="Sim"),"Negada","Aprovada") -> Aprovada | P18: =IF(AND($T18="Negada",$O18="Negada"),0,IF($B18="Ativo",$U18*8%,"0")) -> 0 | Q18: =IF(OR(Base_Original!J18="Sim",Base_Original!J18="sim",Base_Original!J18="SIM"),"Sim",IF(OR(Base_Original!J18="Não",Base_Original!J18="não",Base_Original!J18="NÃO",Base_Original!J18="Nao"),"Não",IF(Base_Original!J18="","vazio",Base_Original!J18))) -> Não | R18: =IF(ISNUMBER(Base_Original!K18),Base_Original!K18,IF(RIGHT(Base_Original!K18,9)=" batalhas",VALUE(LEFT(Base_Original!K18,LEN(Base_Original!K18)-9)),Base_Original!K18)) -> 34 | S18: =IF($R18="vazio","vazio",IF($R18<=10,"Baixo",IF($R18<=25,"Médio","Alto"))) -> Alto | T18: =IF(AND($S18="Alto",$Q18="Sim"),"Negada","Aprovada") -> Aprovada | U18: 66000
A19: SOL018 | B19: =IF(Base_Original!A19="","vazio",IF(Base_Original!A19="ATIVO","Ativo",IF(Base_Original!A19="INATIVO","Inativo",Base_Original!A19))) -> Ativo | C19: =PROPER(Base_Original!B19) -> Asha Redwyne | D19: 10200 | E19: =IF($D19="","Vazio",IF(LEN(SUBSTITUTE(SUBSTITUTE($D19&"",".",""),"-",""))<>11,"Inválido","OK")) -> Inválido | F19: =IF($D19="","Vazio",IF(COUNTIF($D$2:$D$369,$D19)>1,"Duplicado","Único")) -> Único | G19: =IF(TRIM(Base_Original!D19)="","",SUBSTITUTE(TRIM(Base_Original!D19),"anos","")) -> 35 | H19: =IF($J19="","Vazio",DATEDIF($J19,DATE(2026,9,10),"Y")) -> 35 | I19: =IF(OR(Tabela2[[#This Row],[Idade_Padronizada]]="",Tabela2[[#This Row],[Idade_Validação]]=""),"Vazio",IF(VALUE(Tabela2[[#This Row],[Idade_Padronizada]]&"")=VALUE(Tabela2[[#This Row],[Idade_Validação]]&""),"OK","Diferente")) -> OK | J19: 33444 | K19: Pedra do Dragão | L19: =PROPER(Base_Original!G19) -> Terras Da Coroa | M19: 8400 | N19: =IF(ISNUMBER(Base_Original!I19),Base_Original!I19,IF(RIGHT(Base_Original!I19,7)=" moedas",VALUE(LEFT(Base_Original!I19,LEN(Base_Original!I19)-7)),Base_Original!I19)) -> 62500 | O19: =IF(AND($N19>50000,$Q19="Sim"),"Negada","Aprovada") -> Aprovada | P19: =IF(AND($T19="Negada",$O19="Negada"),0,IF($B19="Ativo",$U19*8%,"0")) -> 6680 | Q19: =IF(OR(Base_Original!J19="Sim",Base_Original!J19="sim",Base_Original!J19="SIM"),"Sim",IF(OR(Base_Original!J19="Não",Base_Original!J19="não",Base_Original!J19="NÃO",Base_Original!J19="Nao"),"Não",IF(Base_Original!J19="","vazio",Base_Original!J19))) -> Não | R19: =IF(ISNUMBER(Base_Original!K19),Base_Original!K19,IF(RIGHT(Base_Original!K19,9)=" batalhas",VALUE(LEFT(Base_Original!K19,LEN(Base_Original!K19)-9)),Base_Original!K19)) -> 31 | S19: =IF($R19="vazio","vazio",IF($R19<=10,"Baixo",IF($R19<=25,"Médio","Alto"))) -> Alto | T19: =IF(AND($S19="Alto",$Q19="Sim"),"Negada","Aprovada") -> Aprovada | U19: 83500
A20: SOL019 | B20: =IF(Base_Original!A21="","vazio",IF(Base_Original!A21="ATIVO","Ativo",IF(Base_Original!A21="INATIVO","Inativo",Base_Original!A21))) -> Ativo | C20: =PROPER(Base_Original!B21) -> Asha Tallhart | D20: 8600 | E20: =IF($D20="","Vazio",IF(LEN(SUBSTITUTE(SUBSTITUTE($D20&"",".",""),"-",""))<>11,"Inválido","OK")) -> Inválido | F20: =IF($D20="","Vazio",IF(COUNTIF($D$2:$D$369,$D20)>1,"Duplicado","Único")) -> Único | G20: =IF(TRIM(Base_Original!D20)="","",SUBSTITUTE(TRIM(Base_Original!D20),"anos","")) | H20: =IF($J20="","Vazio",DATEDIF($J20,DATE(2026,9,10),"Y")) -> 38 | I20: =IF(OR(Tabela2[[#This Row],[Idade_Padronizada]]="",Tabela2[[#This Row],[Idade_Validação]]=""),"Vazio",IF(VALUE(Tabela2[[#This Row],[Idade_Padronizada]]&"")=VALUE(Tabela2[[#This Row],[Idade_Validação]]&""),"OK","Diferente")) -> Vazio | J20: 32260 | K20: Pyke | L20: =PROPER(Base_Original!G20) -> Ilhas De Ferro | M20: 19900 | N20: =IF(ISNUMBER(Base_Original!I21),Base_Original!I21,IF(RIGHT(Base_Original!I21,7)=" moedas",VALUE(LEFT(Base_Original!I21,LEN(Base_Original!I21)-7)),Base_Original!I21)) -> 55000 | O20: =IF(AND($N20>50000,$Q20="Sim"),"Negada","Aprovada") -> Aprovada | P20: =IF(AND($T20="Negada",$O20="Negada"),0,IF($B20="Ativo",$U20*8%,"0")) -> 3800 | Q20: =IF(OR(Base_Original!J21="Sim",Base_Original!J21="sim",Base_Original!J21="SIM"),"Sim",IF(OR(Base_Original!J21="Não",Base_Original!J21="não",Base_Original!J21="NÃO",Base_Original!J21="Nao"),"Não",IF(Base_Original!J21="","vazio",Base_Original!J21))) -> Não | R20: =IF(ISNUMBER(Base_Original!K21),Base_Original!K21,IF(RIGHT(Base_Original!K21,9)=" batalhas",VALUE(LEFT(Base_Original!K21,LEN(Base_Original!K21)-9)),Base_Original!K21)) -> 26 | S20: =IF($R20="vazio","vazio",IF($R20<=10,"Baixo",IF($R20<=25,"Médio","Alto"))) -> Alto | T20: =IF(AND($S20="Alto",$Q20="Sim"),"Negada","Aprovada") -> Aprovada | U20: 47500
A21: SOL020 | B21: =IF(Base_Original!A20="","vazio",IF(Base_Original!A20="ATIVO","Ativo",IF(Base_Original!A20="INATIVO","Inativo",Base_Original!A20))) -> Ativo | C21: =PROPER(Base_Original!B20) -> Asha Tallhart | D21: 000.000.006-00 | E21: =IF($D21="","Vazio",IF(LEN(SUBSTITUTE(SUBSTITUTE($D21&"",".",""),"-",""))<>11,"Inválido","OK")) -> OK | F21: =IF($D21="","Vazio",IF(COUNTIF($D$2:$D$369,$D21)>1,"Duplicado","Único")) -> Único | G21: =IF(TRIM(Base_Original!D21)="","",SUBSTITUTE(TRIM(Base_Original!D21),"anos","")) -> 59 | H21: =IF($J21="","Vazio",DATEDIF($J21,DATE(2026,9,10),"Y")) -> 59 | I21: =IF(OR(Tabela2[[#This Row],[Idade_Padronizada]]="",Tabela2[[#This Row],[Idade_Validação]]=""),"Vazio",IF(VALUE(Tabela2[[#This Row],[Idade_Padronizada]]&"")=VALUE(Tabela2[[#This Row],[Idade_Validação]]&""),"OK","Diferente")) -> OK | J21: 24710 | K21: Correrrio | Terras Fluviais | L21: =PROPER(Base_Original!G21) | M21: 17600 | N21: =IF(ISNUMBER(Base_Original!I20),Base_Original!I20,IF(RIGHT(Base_Original!I20,7)=" moedas",VALUE(LEFT(Base_Original!I20,LEN(Base_Original!I20)-7)),Base_Original!I20)) -> 0 | O21: =IF(AND($N21>50000,$Q21="Sim"),"Negada","Aprovada") -> Aprovada | P21: =IF(AND($T21="Negada",$O21="Negada"),0,IF($B21="Ativo",$U21*8%,"0")) -> 8000 | Q21: =IF(OR(Base_Original!J20="Sim",Base_Original!J20="sim",Base_Original!J20="SIM"),"Sim",IF(OR(Base_Original!J20="Não",Base_Original!J20="não",Base_Original!J20="NÃO",Base_Original!J20="Nao"),"Não",IF(Base_Original!J20="","vazio",Base_Original!J20))) -> Sim | R21: =IF(ISNUMBER(Base_Original!K20),Base_Original!K20,IF(RIGHT(Base_Original!K20,9)=" batalhas",VALUE(LEFT(Base_Original!K20,LEN(Base_Original!K20)-9)),Base_Original!K20)) -> 31 | S21: =IF($R21="vazio","vazio",IF($R21<=10,"Baixo",IF($R21<=25,"Médio","Alto"))) -> Alto | T21: =IF(AND($S21="Alto",$Q21="Sim"),"Negada","Aprovada") -> Negada | U21: 100000
A22: SOL021 | B22: =IF(Base_Original!A22="","vazio",IF(Base_Original!A22="ATIVO","Ativo",IF(Base_Original!A22="INATIVO","Inativo",Base_Original!A22))) -> Ativo | C22: =PROPER(Base_Original!B22) -> Beric Karstark | D22: 000.000.172-00 | E22: =IF($D22="","Vazio",IF(LEN(SUBSTITUTE(SUBSTITUTE($D22&"",".",""),"-",""))<>11,"Inválido","OK")) -> OK | F22: =IF($D22="","Vazio",IF(COUNTIF($D$2:$D$369,$D22)>1,"Duplicado","Único")) -> Único | G22: =IF(TRIM(Base_Original!D22)="","",SUBSTITUTE(TRIM(Base_Original!D22),"anos","")) -> 37 | H22: =IF($J22="","Vazio",DATEDIF($J22,DATE(2026,9,10),"Y")) -> 37 | I22: =IF(OR(Tabela2[[#This Row],[Idade_Padronizada]]="",Tabela2[[#This Row],[Idade_Validação]]=""),"Vazio",IF(VALUE(Tabela2[[#This Row],[Idade_Padronizada]]&"")=VALUE(Tabela2[[#This Row],[Idade_Validação]]&""),"OK","Diferente")) -> OK | J22: 32680 | K22: Braavos | L22: =PROPER(Base_Original!G22) -> Essos | M22: 28900 | N22: =IF(ISNUMBER(Base_Original!I22),Base_Original!I22,IF(RIGHT(Base_Original!I22,7)=" moedas",VALUE(LEFT(Base_Original!I22,LEN(Base_Original!I22)-7)),Base_Original!I22)) -> 71000 | O22: =IF(AND($N22>50000,$Q22="Sim"),"Negada","Aprovada") -> Aprovada | P22: =IF(AND($T22="Negada",$O22="Negada"),0,IF($B22="Ativo",$U22*8%,"0")) -> 2920 | Q22: =IF(OR(Base_Original!J22="Sim",Base_Original!J22="sim",Base_Original!J22="SIM"),"Sim",IF(OR(Base_Original!J22="Não",Base_Original!J22="não",Base_Original!J22="NÃO",Base_Original!J22="Nao"),"Não",IF(Base_Original!J22="","vazio",Base_Original!J22))) -> Não | R22: =IF(ISNUMBER(Base_Original!K22),Base_Original!K22,IF(RIGHT(Base_Original!K22,9)=" batalhas",VALUE(LEFT(Base_Original!K22,LEN(Base_Original!K22)-9)),Base_Original!K22)) -> 28 | S22: =IF($R22="vazio","vazio",IF($R22<=10,"Baixo",IF($R22<=25,"Médio","Alto"))) -> Alto | T22: =IF(AND($S22="Alto",$Q22="Sim"),"Negada","Aprovada") -> Aprovada | U22: 36500
A23: SOL022 | B23: =IF(Base_Original!A23="","vazio",IF(Base_Original!A23="ATIVO","Ativo",IF(Base_Original!A23="INATIVO","Inativo",Base_Original!A23))) -> Ativo | C23: =PROPER(Base_Original!B23) -> Beric Umber | E23: =IF($D23="","Vazio",IF(LEN(SUBSTITUTE(SUBSTITUTE($D23&"",".",""),"-",""))<>11,"Inválido","OK")) -> Vazio | F23: =IF($D23="","Vazio",IF(COUNTIF($D$2:$D$369,$D23)>1,"Duplicado","Único")) -> Vazio | G23: =IF(TRIM(Base_Original!D23)="","",SUBSTITUTE(TRIM(Base_Original!D23),"anos","")) -> 73 | H23: =IF($J23="","Vazio",DATEDIF($J23,DATE(2026,9,10),"Y")) -> 73 | I23: =IF(OR(Tabela2[[#This Row],[Idade_Padronizada]]="",Tabela2[[#This Row],[Idade_Validação]]=""),"Vazio",IF(VALUE(Tabela2[[#This Row],[Idade_Padronizada]]&"")=VALUE(Tabela2[[#This Row],[Idade_Validação]]&""),"OK","Diferente")) -> OK | J23: 19538 | K23: Pedra do Dragão | L23: =PROPER(Base_Original!G23) -> Terras Da Coroa | M23: 12700 | N23: =IF(ISNUMBER(Base_Original!I23),Base_Original!I23,IF(RIGHT(Base_Original!I23,7)=" moedas",VALUE(LEFT(Base_Original!I23,LEN(Base_Original!I23)-7)),Base_Original!I23)) -> 79500 | O23: =IF(AND($N23>50000,$Q23="Sim"),"Negada","Aprovada") -> Aprovada | P23: =IF(AND($T23="Negada",$O23="Negada"),0,IF($B23="Ativo",$U23*8%,"0")) -> 3120 | Q23: =IF(OR(Base_Original!J23="Sim",Base_Original!J23="sim",Base_Original!J23="SIM"),"Sim",IF(OR(Base_Original!J23="Não",Base_Original!J23="não",Base_Original!J23="NÃO",Base_Original!J23="Nao"),"Não",IF(Base_Original!J23="","vazio",Base_Original!J23))) -> Não | R23: =IF(ISNUMBER(Base_Original!K23),Base_Original!K23,IF(RIGHT(Base_Original!K23,9)=" batalhas",VALUE(LEFT(Base_Original!K23,LEN(Base_Original!K23)-9)),Base_Original!K23)) -> 35 | S23: =IF($R23="vazio","vazio",IF($R23<=10,"Baixo",IF($R23<=25,"Médio","Alto"))) -> Alto | T23: =IF(AND($S23="Alto",$Q23="Sim"),"Negada","Aprovada") -> Aprovada | U23: 39000
A24: SOL023 | B24: =IF(Base_Original!A24="","vazio",IF(Base_Original!A24="ATIVO","Ativo",IF(Base_Original!A24="INATIVO","Inativo",Base_Original!A24))) -> Ativo | C24: =PROPER(Base_Original!B24) -> Beric Crakehall | D24: 000.000.067-00 | E24: =IF($D24="","Vazio",IF(LEN(SUBSTITUTE(SUBSTITUTE($D24&"",".",""),"-",""))<>11,"Inválido","OK")) -> OK | F24: =IF($D24="","Vazio",IF(COUNTIF($D$2:$D$369,$D24)>1,"Duplicado","Único")) -> Único | G24: =IF(TRIM(Base_Original!D24)="","",SUBSTITUTE(TRIM(Base_Original!D24),"anos","")) -> 55 | H24: =IF($J24="","Vazio",DATEDIF($J24,DATE(2026,9,10),"Y")) -> 55 | I24: =IF(OR(Tabela2[[#This Row],[Idade_Padronizada]]="",Tabela2[[#This Row],[Idade_Validação]]=""),"Vazio",IF(VALUE(Tabela2[[#This Row],[Idade_Padronizada]]&"")=VALUE(Tabela2[[#This Row],[Idade_Validação]]&""),"OK","Diferente")) -> OK | J24: 26104 | K24: Pyke | L24: =PROPER(Base_Original!G24) -> Ilhas De Ferro | M24: 22100 | N24: =IF(ISNUMBER(Base_Original!I24),Base_Original!I24,IF(RIGHT(Base_Original!I24,7)=" moedas",VALUE(LEFT(Base_Original!I24,LEN(Base_Original!I24)-7)),Base_Original!I24)) -> 41500 | O24: =IF(AND($N24>50000,$Q24="Sim"),"Negada","Aprovada") -> Aprovada | P24: =IF(AND($T24="Negada",$O24="Negada"),0,IF($B24="Ativo",$U24*8%,"0")) -> 5200 | Q24: =IF(OR(Base_Original!J24="Sim",Base_Original!J24="sim",Base_Original!J24="SIM"),"Sim",IF(OR(Base_Original!J24="Não",Base_Original!J24="não",Base_Original!J24="NÃO",Base_Original!J24="Nao"),"Não",IF(Base_Original!J24="","vazio",Base_Original!J24))) -> Não | R24: =IF(ISNUMBER(Base_Original!K24),Base_Original!K24,IF(RIGHT(Base_Original!K24,9)=" batalhas",VALUE(LEFT(Base_Original!K24,LEN(Base_Original!K24)-9)),Base_Original!K24)) -> 18 | S24: =IF($R24="vazio","vazio",IF($R24<=10,"Baixo",IF($R24<=25,"Médio","Alto"))) -> Médio | T24: =IF(AND($S24="Alto",$Q24="Sim"),"Negada","Aprovada") -> Aprovada | U24: 65000
A25: SOL024 | B25: =IF(Base_Original!A25="","vazio",IF(Base_Original!A25="ATIVO","Ativo",IF(Base_Original!A25="INATIVO","Inativo",Base_Original!A25))) -> Inativo | C25: =PROPER(Base_Original!B25) -> Beric Manderly | D25: 24300 | E25: =IF($D25="","Vazio",IF(LEN(SUBSTITUTE(SUBSTITUTE($D25&"",".",""),"-",""))<>11,"Inválido","OK")) -> Inválido | F25: =IF($D25="","Vazio",IF(COUNTIF($D$2:$D$369,$D25)>1,"Duplicado","Único")) -> Único | G25: =IF(TRIM(Base_Original!D25)="","",SUBSTITUTE(TRIM(Base_Original!D25),"anos","")) -> 25 | H25: =IF($J25="","Vazio",DATEDIF($J25,DATE(2026,9,10),"Y")) -> 25 | I25: =IF(OR(Tabela2[[#This Row],[Idade_Padronizada]]="",Tabela2[[#This Row],[Idade_Validação]]=""),"Vazio",IF(VALUE(Tabela2[[#This Row],[Idade_Padronizada]]&"")=VALUE(Tabela2[[#This Row],[Idade_Validação]]&""),"OK","Diferente")) -> OK | J25: 37131 | K25: Lannisporto | L25: =PROPER(Base_Original!G25) -> Oeste | M25: 24500 | N25: =IF(ISNUMBER(Base_Original!I25),Base_Original!I25,IF(RIGHT(Base_Original!I25,7)=" moedas",VALUE(LEFT(Base_Original!I25,LEN(Base_Original!I25)-7)),Base_Original!I25)) -> N/A | O25: =IF(AND($N25>50000,$Q25="Sim"),"Negada","Aprovada") -> Aprovada | P25: =IF(AND($T25="Negada",$O25="Negada"),0,IF($B25="Ativo",$U25*8%,"0")) -> 0 | Q25: =IF(OR(Base_Original!J25="Sim",Base_Original!J25="sim",Base_Original!J25="SIM"),"Sim",IF(OR(Base_Original!J25="Não",Base_Original!J25="não",Base_Original!J25="NÃO",Base_Original!J25="Nao"),"Não",IF(Base_Original!J25="","vazio",Base_Original!J25))) -> 0 | R25: =IF(ISNUMBER(Base_Original!K25),Base_Original!K25,IF(RIGHT(Base_Original!K25,9)=" batalhas",VALUE(LEFT(Base_Original!K25,LEN(Base_Original!K25)-9)),Base_Original!K25)) -> 0 | S25: =IF($R25="vazio","vazio",IF($R25<=10,"Baixo",IF($R25<=25,"Médio","Alto"))) -> Baixo | T25: =IF(AND($S25="Alto",$Q25="Sim"),"Negada","Aprovada") -> Aprovada | U25: 55000
A26: SOL025 | B26: =IF(Base_Original!A26="","vazio",IF(Base_Original!A26="ATIVO","Ativo",IF(Base_Original!A26="INATIVO","Inativo",Base_Original!A26))) -> Ativo | C26: =PROPER(Base_Original!B26) -> Beric Seaworth | D26: 000.000.025-00 | E26: =IF($D26="","Vazio",IF(LEN(SUBSTITUTE(SUBSTITUTE($D26&"",".",""),"-",""))<>11,"Inválido","OK")) -> OK | F26: =IF($D26="","Vazio",IF(COUNTIF($D$2:$D$369,$D26)>1,"Duplicado","Único")) -> Único | G26: =IF(TRIM(Base_Original!D26)="","",SUBSTITUTE(TRIM(Base_Original!D26),"anos","")) -> 72 | H26: =IF($J26="","Vazio",DATEDIF($J26,DATE(2026,9,10),"Y")) -> 72 | I26: =IF(OR(Tabela2[[#This Row],[Idade_Padronizada]]="",Tabela2[[#This Row],[Idade_Validação]]=""),"Vazio",IF(VALUE(Tabela2[[#This Row],[Idade_Padronizada]]&"")=VALUE(Tabela2[[#This Row],[Idade_Validação]]&""),"OK","Diferente")) -> OK | J26: 19800 | K26: Correrrio | L26: =PROPER(Base_Original!G26) -> Terras Fluviais | M26: 24300 | N26: =IF(ISNUMBER(Base_Original!I26),Base_Original!I26,IF(RIGHT(Base_Original!I26,7)=" moedas",VALUE(LEFT(Base_Original!I26,LEN(Base_Original!I26)-7)),Base_Original!I26)) -> 13500 | O26: =IF(AND($N26>50000,$Q26="Sim"),"Negada","Aprovada") -> Aprovada | P26: =IF(AND($T26="Negada",$O26="Negada"),0,IF($B26="Ativo",$U26*8%,"0")) -> 1160 | Q26: =IF(OR(Base_Original!J26="Sim",Base_Original!J26="sim",Base_Original!J26="SIM"),"Sim",IF(OR(Base_Original!J26="Não",Base_Original!J26="não",Base_Original!J26="NÃO",Base_Original!J26="Nao"),"Não",IF(Base_Original!J26="","vazio",Base_Original!J26))) -> Não | R26: =IF(ISNUMBER(Base_Original!K26),Base_Original!K26,IF(RIGHT(Base_Original!K26,9)=" batalhas",VALUE(LEFT(Base_Original!K26,LEN(Base_Original!K26)-9)),Base_Original!K26)) -> 33 | S26: =IF($R26="vazio","vazio",IF($R26<=10,"Baixo",IF($R26<=25,"Médio","Alto"))) -> Alto | T26: =IF(AND($S26="Alto",$Q26="Sim"),"Negada","Aprovada") -> Aprovada | U26: 14500
A27: SOL026 | B27: =IF(Base_Original!A27="","vazio",IF(Base_Original!A27="ATIVO","Ativo",IF(Base_Original!A27="INATIVO","Inativo",Base_Original!A27))) -> Inativo | C27: =PROPER(Base_Original!B27) -> Beric Tallhart | D27: 000.000.291-00 | E27: =IF($D27="","Vazio",IF(LEN(SUBSTITUTE(SUBSTITUTE($D27&"",".",""),"-",""))<>11,"Inválido","OK")) -> OK | F27: =IF($D27="","Vazio",IF(COUNTIF($D$2:$D$369,$D27)>1,"Duplicado","Único")) -> Único | G27: =IF(TRIM(Base_Original!D27)="","",SUBSTITUTE(TRIM(Base_Original!D27),"anos","")) -> 44 | H27: =IF($J27="","Vazio",DATEDIF($J27,DATE(2026,9,10),"Y")) -> 44 | I27: =IF(OR(Tabela2[[#This Row],[Idade_Padronizada]]="",Tabela2[[#This Row],[Idade_Validação]]=""),"Vazio",IF(VALUE(Tabela2[[#This Row],[Idade_Padronizada]]&"")=VALUE(Tabela2[[#This Row],[Idade_Validação]]&""),"OK","Diferente")) -> OK | J27: 29948 | K27: Dorne | L27: =PROPER(Base_Original!G27) -> Dorne | M27: vazio | N27: =IF(ISNUMBER(Base_Original!I27),Base_Original!I27,IF(RIGHT(Base_Original!I27,7)=" moedas",VALUE(LEFT(Base_Original!I27,LEN(Base_Original!I27)-7)),Base_Original!I27)) -> 0 | O27: =IF(AND($N27>50000,$Q27="Sim"),"Negada","Aprovada") -> Aprovada | P27: =IF(AND($T27="Negada",$O27="Negada"),0,IF($B27="Ativo",$U27*8%,"0")) -> 0 | Q27: =IF(OR(Base_Original!J27="Sim",Base_Original!J27="sim",Base_Original!J27="SIM"),"Sim",IF(OR(Base_Original!J27="Não",Base_Original!J27="não",Base_Original!J27="NÃO",Base_Original!J27="Nao"),"Não",IF(Base_Original!J27="","vazio",Base_Original!J27))) -> Não | R27: =IF(ISNUMBER(Base_Original!K27),Base_Original!K27,IF(RIGHT(Base_Original!K27,9)=" batalhas",VALUE(LEFT(Base_Original!K27,LEN(Base_Original!K27)-9)),Base_Original!K27)) -> 4 | S27: =IF($R27="vazio","vazio",IF($R27<=10,"Baixo",IF($R27<=25,"Médio","Alto"))) -> Baixo | T27: =IF(AND($S27="Alto",$Q27="Sim"),"Negada","Aprovada") -> Aprovada | U27: 80000
A28: SOL027 | B28: =IF(Base_Original!A28="","vazio",IF(Base_Original!A28="ATIVO","Ativo",IF(Base_Original!A28="INATIVO","Inativo",Base_Original!A28))) -> Ativo | C28: =PROPER(Base_Original!B28) -> Beric Tyrell | D28: 000.000.103-00 | E28: =IF($D28="","Vazio",IF(LEN(SUBSTITUTE(SUBSTITUTE($D28&"",".",""),"-",""))<>11,"Inválido","OK")) -> OK | F28: =IF($D28="","Vazio",IF(COUNTIF($D$2:$D$369,$D28)>1,"Duplicado","Único")) -> Único | G28: =IF(TRIM(Base_Original!D28)="","",SUBSTITUTE(TRIM(Base_Original!D28),"anos","")) -> 20 | H28: =IF($J28="","Vazio",DATEDIF($J28,DATE(2026,9,10),"Y")) -> 20 | I28: =IF(OR(Tabela2[[#This Row],[Idade_Padronizada]]="",Tabela2[[#This Row],[Idade_Validação]]=""),"Vazio",IF(VALUE(Tabela2[[#This Row],[Idade_Padronizada]]&"")=VALUE(Tabela2[[#This Row],[Idade_Validação]]&""),"OK","Diferente")) -> OK | J28: 38957 | K28: Fosso Cailin | L28: =PROPER(Base_Original!G29) -> Campina | M28: 11800 | N28: =IF(ISNUMBER(Base_Original!I28),Base_Original!I28,IF(RIGHT(Base_Original!I28,7)=" moedas",VALUE(LEFT(Base_Original!I28,LEN(Base_Original!I28)-7)),Base_Original!I28)) -> 0 | O28: =IF(AND($N28>50000,$Q28="Sim"),"Negada","Aprovada") -> Aprovada | P28: =IF(AND($T28="Negada",$O28="Negada"),0,IF($B28="Ativo",$U28*8%,"0")) -> 4920 | Q28: =IF(OR(Base_Original!J28="Sim",Base_Original!J28="sim",Base_Original!J28="SIM"),"Sim",IF(OR(Base_Original!J28="Não",Base_Original!J28="não",Base_Original!J28="NÃO",Base_Original!J28="Nao"),"Não",IF(Base_Original!J28="","vazio",Base_Original!J28))) -> Não | R28: =IF(ISNUMBER(Base_Original!K28),Base_Original!K28,IF(RIGHT(Base_Original!K28,9)=" batalhas",VALUE(LEFT(Base_Original!K28,LEN(Base_Original!K28)-9)),Base_Original!K28)) -> 21 | S28: =IF($R28="vazio","vazio",IF($R28<=10,"Baixo",IF($R28<=25,"Médio","Alto"))) -> Médio | T28: =IF(AND($S28="Alto",$Q28="Sim"),"Negada","Aprovada") -> Aprovada | U28: 61500
A29: SOL028 | B29: =IF(Base_Original!A29="","vazio",IF(Base_Original!A29="ATIVO","Ativo",IF(Base_Original!A29="INATIVO","Inativo",Base_Original!A29))) -> Ativo | C29: =PROPER(Base_Original!B29) -> Beric Tyrell | D29: 000.000.242-00 | E29: =IF($D29="","Vazio",IF(LEN(SUBSTITUTE(SUBSTITUTE($D29&"",".",""),"-",""))<>11,"Inválido","OK")) -> OK | F29: =IF($D29="","Vazio",IF(COUNTIF($D$2:$D$369,$D29)>1,"Duplicado","Único")) -> Único | G29: =IF(TRIM(Base_Original!D29)="","",SUBSTITUTE(TRIM(Base_Original!D29),"anos","")) -> 66 | H29: =IF($J29="","Vazio",DATEDIF($J29,DATE(2026,9,10),"Y")) -> 66 | I29: =IF(OR(Tabela2[[#This Row],[Idade_Padronizada]]="",Tabela2[[#This Row],[Idade_Validação]]=""),"Vazio",IF(VALUE(Tabela2[[#This Row],[Idade_Padronizada]]&"")=VALUE(Tabela2[[#This Row],[Idade_Validação]]&""),"OK","Diferente")) -> OK | J29: 22151 | K29: Vilavelha | L29: =PROPER(Base_Original!G28) -> Norte | M29: 18200 | N29: vazio | O29: =IF(AND($N29>50000,$Q29="Sim"),"Negada","Aprovada") -> Negada | P29: =IF(AND($T29="Negada",$O29="Negada"),0,IF($B29="Ativo",$U29*8%,"0")) -> 5800 | Q29: =IF(OR(Base_Original!J29="Sim",Base_Original!J29="sim",Base_Original!J29="SIM"),"Sim",IF(OR(Base_Original!J29="Não",Base_Original!J29="não",Base_Original!J29="NÃO",Base_Original!J29="Nao"),"Não",IF(Base_Original!J29="","vazio",Base_Original!J29))) -> Sim | R29: =IF(ISNUMBER(Base_Original!K29),Base_Original!K29,IF(RIGHT(Base_Original!K29,9)=" batalhas",VALUE(LEFT(Base_Original!K29,LEN(Base_Original!K29)-9)),Base_Original!K29)) -> 23 | S29: =IF($R29="vazio","vazio",IF($R29<=10,"Baixo",IF($R29<=25,"Médio","Alto"))) -> Médio | T29: =IF(AND($S29="Alto",$Q29="Sim"),"Negada","Aprovada") -> Aprovada | U29: 72500
A30: SOL029 | B30: =IF(Base_Original!A30="","vazio",IF(Base_Original!A30="ATIVO","Ativo",IF(Base_Original!A30="INATIVO","Inativo",Base_Original!A30))) -> Ativo | C30: =PROPER(Base_Original!B30) -> Bran Bolton | D30: 000.000.003-00 | E30: =IF($D30="","Vazio",IF(LEN(SUBSTITUTE(SUBSTITUTE($D30&"",".",""),"-",""))<>11,"Inválido","OK")) -> OK | F30: =IF($D30="","Vazio",IF(COUNTIF($D$2:$D$369,$D30)>1,"Duplicado","Único")) -> Único | G30: =IF(TRIM(Base_Original!D30)="","",SUBSTITUTE(TRIM(Base_Original!D30),"anos","")) -> 23 | H30: =IF($J30="","Vazio",DATEDIF($J30,DATE(2026,9,10),"Y")) -> 23 | I30: =IF(OR(Tabela2[[#This Row],[Idade_Padronizada]]="",Tabela2[[#This Row],[Idade_Validação]]=""),"Vazio",IF(VALUE(Tabela2[[#This Row],[Idade_Padronizada]]&"")=VALUE(Tabela2[[#This Row],[Idade_Validação]]&""),"OK","Diferente")) -> OK | J30: 37785 | K30: Porto Real | L30: =PROPER(Base_Original!G30) -> Terras Da Coroa | M30: 17900 | N30: =IF(ISNUMBER(Base_Original!I30),Base_Original!I30,IF(RIGHT(Base_Original!I30,7)=" moedas",VALUE(LEFT(Base_Original!I30,LEN(Base_Original!I30)-7)),Base_Original!I30)) -> 28000 | O30: =IF(AND($N30>50000,$Q30="Sim"),"Negada","Aprovada") -> Aprovada | P30: =IF(AND($T30="Negada",$O30="Negada"),0,IF($B30="Ativo",$U30*8%,"0")) -> 4200 | Q30: =IF(OR(Base_Original!J30="Sim",Base_Original!J30="sim",Base_Original!J30="SIM"),"Sim",IF(OR(Base_Original!J30="Não",Base_Original!J30="não",Base_Original!J30="NÃO",Base_Original!J30="Nao"),"Não",IF(Base_Original!J30="","vazio",Base_Original!J30))) -> Não | R30: =IF(ISNUMBER(Base_Original!K30),Base_Original!K30,IF(RIGHT(Base_Original!K30,9)=" batalhas",VALUE(LEFT(Base_Original!K30,LEN(Base_Original!K30)-9)),Base_Original!K30)) -> 41 | S30: =IF($R30="vazio","vazio",IF($R30<=10,"Baixo",IF($R30<=25,"Médio","Alto"))) -> Alto | T30: =IF(AND($S30="Alto",$Q30="Sim"),"Negada","Aprovada") -> Aprovada | U30: 52500
A31: SOL030 | B31: =IF(Base_Original!A31="","vazio",IF(Base_Original!A31="ATIVO","Ativo",IF(Base_Original!A31="INATIVO","Inativo",Base_Original!A31))) -> Ativo | C31: =PROPER(Base_Original!B31) -> Bran Dayne | D31: 000.000.288-00 | E31: =IF($D31="","Vazio",IF(LEN(SUBSTITUTE(SUBSTITUTE($D31&"",".",""),"-",""))<>11,"Inválido","OK")) -> OK | F31: =IF($D31="","Vazio",IF(COUNTIF($D$2:$D$369,$D31)>1,"Duplicado","Único")) -> Único | G31: =IF(TRIM(Base_Original!D31)="","",SUBSTITUTE(TRIM(Base_Original!D31),"anos","")) -> 48 | H31: =IF($J31="","Vazio",DATEDIF($J31,DATE(2026,9,10),"Y")) -> 48 | I31: =IF(OR(Tabela2[[#This Row],[Idade_Padronizada]]="",Tabela2[[#This Row],[Idade_Validação]]=""),"Vazio",IF(VALUE(Tabela2[[#This Row],[Idade_Padronizada]]&"")=VALUE(Tabela2[[#This Row],[Idade_Validação]]&""),"OK","Diferente")) -> OK | J31: 28430 | K31: Pyke | L31: =PROPER(Base_Original!G31) -> Ilhas De Ferro | M31: 4500 | N31: =IF(ISNUMBER(Base_Original!I31),Base_Original!I31,IF(RIGHT(Base_Original!I31,7)=" moedas",VALUE(LEFT(Base_Original!I31,LEN(Base_Original!I31)-7)),Base_Original!I31)) -> 0 | O31: =IF(AND($N31>50000,$Q31="Sim"),"Negada","Aprovada") -> Aprovada | P31: =IF(AND($T31="Negada",$O31="Negada"),0,IF($B31="Ativo",$U31*8%,"0")) -> 3880 | Q31: =IF(OR(Base_Original!J31="Sim",Base_Original!J31="sim",Base_Original!J31="SIM"),"Sim",IF(OR(Base_Original!J31="Não",Base_Original!J31="não",Base_Original!J31="NÃO",Base_Original!J31="Nao"),"Não",IF(Base_Original!J31="","vazio",Base_Original!J31))) -> Não | R31: =IF(ISNUMBER(Base_Original!K31),Base_Original!K31,IF(RIGHT(Base_Original!K31,9)=" batalhas",VALUE(LEFT(Base_Original!K31,LEN(Base_Original!K31)-9)),Base_Original!K31)) -> 3 | S31: =IF($R31="vazio","vazio",IF($R31<=10,"Baixo",IF($R31<=25,"Médio","Alto"))) -> Baixo | T31: =IF(AND($S31="Alto",$Q31="Sim"),"Negada","Aprovada") -> Aprovada | U31: 48500
A32: SOL031 | B32: =IF(Base_Original!A32="","vazio",IF(Base_Original!A32="ATIVO","Ativo",IF(Base_Original!A32="INATIVO","Inativo",Base_Original!A32))) -> Ativo | C32: =PROPER(Base_Original!B32) -> Bran Dondarrion | D32: 4900 | E32: =IF($D32="","Vazio",IF(LEN(SUBSTITUTE(SUBSTITUTE($D32&"",".",""),"-",""))<>11,"Inválido","OK")) -> Inválido | F32: =IF($D32="","Vazio",IF(COUNTIF($D$2:$D$369,$D32)>1,"Duplicado","Único")) -> Único | G32: =IF(TRIM(Base_Original!D32)="","",SUBSTITUTE(TRIM(Base_Original!D32),"anos","")) -> 18 | H32: =IF($J32="","Vazio",DATEDIF($J32,DATE(2026,9,10),"Y")) -> 18 | I32: =IF(OR(Tabela2[[#This Row],[Idade_Padronizada]]="",Tabela2[[#This Row],[Idade_Validação]]=""),"Vazio",IF(VALUE(Tabela2[[#This Row],[Idade_Padronizada]]&"")=VALUE(Tabela2[[#This Row],[Idade_Validação]]&""),"OK","Diferente")) -> OK | J32: 39369 | K32: Meereen | L32: =PROPER(Base_Original!G32) -> Essos | M32: 18500 | N32: =IF(ISNUMBER(Base_Original!I32),Base_Original!I32,IF(RIGHT(Base_Original!I32,7)=" moedas",VALUE(LEFT(Base_Original!I32,LEN(Base_Original!I32)-7)),Base_Original!I32)) -> 74500 | O32: =IF(AND($N32>50000,$Q32="Sim"),"Negada","Aprovada") -> Negada | P32: =IF(AND($T32="Negada",$O32="Negada"),0,IF($B32="Ativo",$U32*8%,"0")) -> 3640 | Q32: =IF(OR(Base_Original!J32="Sim",Base_Original!J32="sim",Base_Original!J32="SIM"),"Sim",IF(OR(Base_Original!J32="Não",Base_Original!J32="não",Base_Original!J32="NÃO",Base_Original!J32="Nao"),"Não",IF(Base_Original!J32="","vazio",Base_Original!J32))) -> Sim | R32: =IF(ISNUMBER(Base_Original!K32),Base_Original!K32,IF(RIGHT(Base_Original!K32,9)=" batalhas",VALUE(LEFT(Base_Original!K32,LEN(Base_Original!K32)-9)),Base_Original!K32)) -> 20 | S32: =IF($R32="vazio","vazio",IF($R32<=10,"Baixo",IF($R32<=25,"Médio","Alto"))) -> Médio | T32: =IF(AND($S32="Alto",$Q32="Sim"),"Negada","Aprovada") -> Aprovada | U32: 45500
A33: SOL032 | B33: =IF(Base_Original!A33="","vazio",IF(Base_Original!A33="ATIVO","Ativo",IF(Base_Original!A33="INATIVO","Inativo",Base_Original!A33))) -> Ativo | C33: =PROPER(Base_Original!B33) -> Bran Florent | D33: 000.000.218-00 | E33: =IF($D33="","Vazio",IF(LEN(SUBSTITUTE(SUBSTITUTE($D33&"",".",""),"-",""))<>11,"Inválido","OK")) -> OK | F33: =IF($D33="","Vazio",IF(COUNTIF($D$2:$D$369,$D33)>1,"Duplicado","Único")) -> Único | G33: =IF(TRIM(Base_Original!D33)="","",SUBSTITUTE(TRIM(Base_Original!D33),"anos","")) -> 62 | H33: =IF($J33="","Vazio",DATEDIF($J33,DATE(2026,9,10),"Y")) -> 62 | I33: =IF(OR(Tabela2[[#This Row],[Idade_Padronizada]]="",Tabela2[[#This Row],[Idade_Validação]]=""),"Vazio",IF(VALUE(Tabela2[[#This Row],[Idade_Padronizada]]&"")=VALUE(Tabela2[[#This Row],[Idade_Validação]]&""),"OK","Diferente")) -> OK | J33: 23488 | K33: Ninho da Águia | L33: =PROPER(Base_Original!G33) -> Vale | M33: sem renda | N33: =IF(ISNUMBER(Base_Original!I33),Base_Original!I33,IF(RIGHT(Base_Original!I33,7)=" moedas",VALUE(LEFT(Base_Original!I33,LEN(Base_Original!I33)-7)),Base_Original!I33)) -> N/A | O33: =IF(AND($N33>50000,$Q33="Sim"),"Negada","Aprovada") -> Aprovada | P33: =IF(AND($T33="Negada",$O33="Negada"),0,IF($B33="Ativo",$U33*8%,"0")) -> 5760 | Q33: =IF(OR(Base_Original!J33="Sim",Base_Original!J33="sim",Base_Original!J33="SIM"),"Sim",IF(OR(Base_Original!J33="Não",Base_Original!J33="não",Base_Original!J33="NÃO",Base_Original!J33="Nao"),"Não",IF(Base_Original!J33="","vazio",Base_Original!J33))) -> Não | R33: =IF(ISNUMBER(Base_Original!K33),Base_Original!K33,IF(RIGHT(Base_Original!K33,9)=" batalhas",VALUE(LEFT(Base_Original!K33,LEN(Base_Original!K33)-9)),Base_Original!K33)) -> 38 | S33: =IF($R33="vazio","vazio",IF($R33<=10,"Baixo",IF($R33<=25,"Médio","Alto"))) -> Alto | T33: =IF(AND($S33="Alto",$Q33="Sim"),"Negada","Aprovada") -> Aprovada | U33: 72000
A34: SOL033 | B34: =IF(Base_Original!A34="","vazio",IF(Base_Original!A34="ATIVO","Ativo",IF(Base_Original!A34="INATIVO","Inativo",Base_Original!A34))) -> Ativo | C34: =PROPER(Base_Original!B34) -> Bran Frey | D34: 000.000.189-00 | E34: =IF($D34="","Vazio",IF(LEN(SUBSTITUTE(SUBSTITUTE($D34&"",".",""),"-",""))<>11,"Inválido","OK")) -> OK | F34: =IF($D34="","Vazio",IF(COUNTIF($D$2:$D$369,$D34)>1,"Duplicado","Único")) -> Único | G34: =IF(TRIM(Base_Original!D34)="","",SUBSTITUTE(TRIM(Base_Original!D34),"anos","")) -> 39 | H34: =IF($J34="","Vazio",DATEDIF($J34,DATE(2026,9,10),"Y")) -> 39 | I34: =IF(OR(Tabela2[[#This Row],[Idade_Padronizada]]="",Tabela2[[#This Row],[Idade_Validação]]=""),"Vazio",IF(VALUE(Tabela2[[#This Row],[Idade_Padronizada]]&"")=VALUE(Tabela2[[#This Row],[Idade_Validação]]&""),"OK","Diferente")) -> OK | J34: 31968 | K34: Ilha dos Ursos | Norte | L34: =PROPER(Base_Original!G34) | M34: 8000 | N34: =IF(ISNUMBER(Base_Original!I34),Base_Original!I34,IF(RIGHT(Base_Original!I34,7)=" moedas",VALUE(LEFT(Base_Original!I34,LEN(Base_Original!I34)-7)),Base_Original!I34)) -> 69000 | O34: =IF(AND($N34>50000,$Q34="Sim"),"Negada","Aprovada") -> Aprovada | P34: =IF(AND($T34="Negada",$O34="Negada"),0,IF($B34="Ativo",$U34*8%,"0")) -> 3160 | Q34: =IF(OR(Base_Original!J34="Sim",Base_Original!J34="sim",Base_Original!J34="SIM"),"Sim",IF(OR(Base_Original!J34="Não",Base_Original!J34="não",Base_Original!J34="NÃO",Base_Original!J34="Nao"),"Não",IF(Base_Original!J34="","vazio",Base_Original!J34))) -> Não | R34: =IF(ISNUMBER(Base_Original!K34),Base_Original!K34,IF(RIGHT(Base_Original!K34,9)=" batalhas",VALUE(LEFT(Base_Original!K34,LEN(Base_Original!K34)-9)),Base_Original!K34)) -> 15 | S34: =IF($R34="vazio","vazio",IF($R34<=10,"Baixo",IF($R34<=25,"Médio","Alto"))) -> Médio | T34: =IF(AND($S34="Alto",$Q34="Sim"),"Negada","Aprovada") -> Aprovada | U34: 39500
A35: SOL034 | B35: =IF(Base_Original!A35="","vazio",IF(Base_Original!A35="ATIVO","Ativo",IF(Base_Original!A35="INATIVO","Inativo",Base_Original!A35))) -> Inativo | C35: =PROPER(Base_Original!B35) -> Bran Karstark | D35: 000.000.241-00 | E35: =IF($D35="","Vazio",IF(LEN(SUBSTITUTE(SUBSTITUTE($D35&"",".",""),"-",""))<>11,"Inválido","OK")) -> OK | F35: =IF($D35="","Vazio",IF(COUNTIF($D$2:$D$369,$D35)>1,"Duplicado","Único")) -> Único | G35: =IF(TRIM(Base_Original!D35)="","",SUBSTITUTE(TRIM(Base_Original!D35),"anos","")) -> 21 | H35: =IF($J35="","Vazio",DATEDIF($J35,DATE(2026,9,10),"Y")) -> 21 | I35: =IF(OR(Tabela2[[#This Row],[Idade_Padronizada]]="",Tabela2[[#This Row],[Idade_Validação]]=""),"Vazio",IF(VALUE(Tabela2[[#This Row],[Idade_Padronizada]]&"")=VALUE(Tabela2[[#This Row],[Idade_Validação]]&""),"OK","Diferente")) -> OK | J35: 38328 | K35: Pyke | L35: =PROPER(Base_Original!G35) -> Ilhas De Ferro | M35: 4400 | N35: =IF(ISNUMBER(Base_Original!I35),Base_Original!I35,IF(RIGHT(Base_Original!I35,7)=" moedas",VALUE(LEFT(Base_Original!I35,LEN(Base_Original!I35)-7)),Base_Original!I35)) -> 23500 | O35: =IF(AND($N35>50000,$Q35="Sim"),"Negada","Aprovada") -> Aprovada | P35: =IF(AND($T35="Negada",$O35="Negada"),0,IF($B35="Ativo",$U35*8%,"0")) -> 0 | Q35: =IF(OR(Base_Original!J35="Sim",Base_Original!J35="sim",Base_Original!J35="SIM"),"Sim",IF(OR(Base_Original!J35="Não",Base_Original!J35="não",Base_Original!J35="NÃO",Base_Original!J35="Nao"),"Não",IF(Base_Original!J35="","vazio",Base_Original!J35))) -> Sim | R35: =IF(ISNUMBER(Base_Original!K35),Base_Original!K35,IF(RIGHT(Base_Original!K35,9)=" batalhas",VALUE(LEFT(Base_Original!K35,LEN(Base_Original!K35)-9)),Base_Original!K35)) -> 31 | S35: =IF($R35="vazio","vazio",IF($R35<=10,"Baixo",IF($R35<=25,"Médio","Alto"))) -> Alto | T35: =IF(AND($S35="Alto",$Q35="Sim"),"Negada","Aprovada") -> Negada | U35: 91000
A36: SOL035 | B36: =IF(Base_Original!A36="","vazio",IF(Base_Original!A36="ATIVO","Ativo",IF(Base_Original!A36="INATIVO","Inativo",Base_Original!A36))) -> Ativo | C36: =PROPER(Base_Original!B36) -> Bran Tarly | D36: 000.000.269-00 | E36: =IF($D36="","Vazio",IF(LEN(SUBSTITUTE(SUBSTITUTE($D36&"",".",""),"-",""))<>11,"Inválido","OK")) -> OK | F36: =IF($D36="","Vazio",IF(COUNTIF($D$2:$D$369,$D36)>1,"Duplicado","Único")) -> Único | G36: =IF(TRIM(Base_Original!D36)="","",SUBSTITUTE(TRIM(Base_Original!D36),"anos","")) -> 53 | H36: =IF($J36="","Vazio",DATEDIF($J36,DATE(2026,9,10),"Y")) -> 53 | I36: =IF(OR(Tabela2[[#This Row],[Idade_Padronizada]]="",Tabela2[[#This Row],[Idade_Validação]]=""),"Vazio",IF(VALUE(Tabela2[[#This Row],[Idade_Padronizada]]&"")=VALUE(Tabela2[[#This Row],[Idade_Validação]]&""),"OK","Diferente")) -> OK | J36: 26790 | K36: Braavos | L36: =PROPER(Base_Original!G36) -> Essos | M36: sem renda | N36: =IF(ISNUMBER(Base_Original!I36),Base_Original!I36,IF(RIGHT(Base_Original!I36,7)=" moedas",VALUE(LEFT(Base_Original!I36,LEN(Base_Original!I36)-7)),Base_Original!I36)) -> 21500 | O36: =IF(AND($N36>50000,$Q36="Sim"),"Negada","Aprovada") -> Aprovada | P36: =IF(AND($T36="Negada",$O36="Negada"),0,IF($B36="Ativo",$U36*8%,"0")) -> 280 | Q36: =IF(OR(Base_Original!J36="Sim",Base_Original!J36="sim",Base_Original!J36="SIM"),"Sim",IF(OR(Base_Original!J36="Não",Base_Original!J36="não",Base_Original!J36="NÃO",Base_Original!J36="Nao"),"Não",IF(Base_Original!J36="","vazio",Base_Original!J36))) -> Sim | R36: =IF(ISNUMBER(Base_Original!K36),Base_Original!K36,IF(RIGHT(Base_Original!K36,9)=" batalhas",VALUE(LEFT(Base_Original!K36,LEN(Base_Original!K36)-9)),Base_Original!K36)) -> 44 | S36: =IF($R36="vazio","vazio",IF($R36<=10,"Baixo",IF($R36<=25,"Médio","Alto"))) -> Alto | T36: =IF(AND($S36="Alto",$Q36="Sim"),"Negada","Aprovada") -> Negada | U36: 3500
A37: SOL036 | B37: =IF(Base_Original!A37="","vazio",IF(Base_Original!A37="ATIVO","Ativo",IF(Base_Original!A37="INATIVO","Inativo",Base_Original!A37))) -> Ativo | C37: =PROPER(Base_Original!B37) -> Bran Umber | D37: 13200 | E37: =IF($D37="","Vazio",IF(LEN(SUBSTITUTE(SUBSTITUTE($D37&"",".",""),"-",""))<>11,"Inválido","OK")) -> Inválido | F37: =IF($D37="","Vazio",IF(COUNTIF($D$2:$D$369,$D37)>1,"Duplicado","Único")) -> Único | G37: =IF(TRIM(Base_Original!D37)="","",SUBSTITUTE(TRIM(Base_Original!D37),"anos","")) -> 29 | H37: =IF($J37="","Vazio",DATEDIF($J37,DATE(2026,9,10),"Y")) -> 29 | I37: =IF(OR(Tabela2[[#This Row],[Idade_Padronizada]]="",Tabela2[[#This Row],[Idade_Validação]]=""),"Vazio",IF(VALUE(Tabela2[[#This Row],[Idade_Padronizada]]&"")=VALUE(Tabela2[[#This Row],[Idade_Validação]]&""),"OK","Diferente")) -> OK | J37: 35334 | K37: Pyke | L37: =PROPER(Base_Original!G37) -> Ilhas De Ferro | M37: 19500 | N37: =IF(ISNUMBER(Base_Original!I37),Base_Original!I37,IF(RIGHT(Base_Original!I37,7)=" moedas",VALUE(LEFT(Base_Original!I37,LEN(Base_Original!I37)-7)),Base_Original!I37)) -> 57000 | O37: =IF(AND($N37>50000,$Q37="Sim"),"Negada","Aprovada") -> Aprovada | P37: =IF(AND($T37="Negada",$O37="Negada"),0,IF($B37="Ativo",$U37*8%,"0")) -> 1640 | Q37: =IF(OR(Base_Original!J37="Sim",Base_Original!J37="sim",Base_Original!J37="SIM"),"Sim",IF(OR(Base_Original!J37="Não",Base_Original!J37="não",Base_Original!J37="NÃO",Base_Original!J37="Nao"),"Não",IF(Base_Original!J37="","vazio",Base_Original!J37))) -> Não | R37: =IF(ISNUMBER(Base_Original!K37),Base_Original!K37,IF(RIGHT(Base_Original!K37,9)=" batalhas",VALUE(LEFT(Base_Original!K37,LEN(Base_Original!K37)-9)),Base_Original!K37)) -> 12 | S37: =IF($R37="vazio","vazio",IF($R37<=10,"Baixo",IF($R37<=25,"Médio","Alto"))) -> Médio | T37: =IF(AND($S37="Alto",$Q37="Sim"),"Negada","Aprovada") -> Aprovada | U37: 20500
A38: SOL037 | B38: =IF(Base_Original!A38="","vazio",IF(Base_Original!A38="ATIVO","Ativo",IF(Base_Original!A38="INATIVO","Inativo",Base_Original!A38))) -> Ativo | C38: =PROPER(Base_Original!B38) -> Bran Yronwood | D38: 000.000.057-00 | E38: =IF($D38="","Vazio",IF(LEN(SUBSTITUTE(SUBSTITUTE($D38&"",".",""),"-",""))<>11,"Inválido","OK")) -> OK | F38: =IF($D38="","Vazio",IF(COUNTIF($D$2:$D$369,$D38)>1,"Duplicado","Único")) -> Único | G38: =IF(TRIM(Base_Original!D38)="","",SUBSTITUTE(TRIM(Base_Original!D38),"anos","")) -> 42 | H38: =IF($J38="","Vazio",DATEDIF($J38,DATE(2026,9,10),"Y")) -> 42 | I38: =IF(OR(Tabela2[[#This Row],[Idade_Padronizada]]="",Tabela2[[#This Row],[Idade_Validação]]=""),"Vazio",IF(VALUE(Tabela2[[#This Row],[Idade_Padronizada]]&"")=VALUE(Tabela2[[#This Row],[Idade_Validação]]&""),"OK","Diferente")) -> OK | J38: 30878 | K38: Pyke | L38: =PROPER(Base_Original!G38) -> Ilhas De Ferro | M38: 17500 | N38: =IF(ISNUMBER(Base_Original!I38),Base_Original!I38,IF(RIGHT(Base_Original!I38,7)=" moedas",VALUE(LEFT(Base_Original!I38,LEN(Base_Original!I38)-7)),Base_Original!I38)) -> 3500 | O38: =IF(AND($N38>50000,$Q38="Sim"),"Negada","Aprovada") -> Aprovada | P38: =IF(AND($T38="Negada",$O38="Negada"),0,IF($B38="Ativo",$U38*8%,"0")) -> 2800 | Q38: =IF(OR(Base_Original!J38="Sim",Base_Original!J38="sim",Base_Original!J38="SIM"),"Sim",IF(OR(Base_Original!J38="Não",Base_Original!J38="não",Base_Original!J38="NÃO",Base_Original!J38="Nao"),"Não",IF(Base_Original!J38="","vazio",Base_Original!J38))) -> Não | R38: =IF(ISNUMBER(Base_Original!K38),Base_Original!K38,IF(RIGHT(Base_Original!K38,9)=" batalhas",VALUE(LEFT(Base_Original!K38,LEN(Base_Original!K38)-9)),Base_Original!K38)) -> 25 | S38: =IF($R38="vazio","vazio",IF($R38<=10,"Baixo",IF($R38<=25,"Médio","Alto"))) -> Médio | T38: =IF(AND($S38="Alto",$Q38="Sim"),"Negada","Aprovada") -> Aprovada | U38: 35000
A39: SOL038 | B39: =IF(Base_Original!A39="","vazio",IF(Base_Original!A39="ATIVO","Ativo",IF(Base_Original!A39="INATIVO","Inativo",Base_Original!A39))) -> Ativo | C39: =PROPER(Base_Original!B39) -> Brienne Dayne | D39: 000.000.070-00 | E39: =IF($D39="","Vazio",IF(LEN(SUBSTITUTE(SUBSTITUTE($D39&"",".",""),"-",""))<>11,"Inválido","OK")) -> OK | F39: =IF($D39="","Vazio",IF(COUNTIF($D$2:$D$369,$D39)>1,"Duplicado","Único")) -> Único | G39: =IF(TRIM(Base_Original!D39)="","",SUBSTITUTE(TRIM(Base_Original!D39),"anos","")) -> 62 | H39: =IF($J39="","Vazio",DATEDIF($J39,DATE(2026,9,10),"Y")) -> 62 | I39: =IF(OR(Tabela2[[#This Row],[Idade_Padronizada]]="",Tabela2[[#This Row],[Idade_Validação]]=""),"Vazio",IF(VALUE(Tabela2[[#This Row],[Idade_Padronizada]]&"")=VALUE(Tabela2[[#This Row],[Idade_Validação]]&""),"OK","Diferente")) -> OK | J39: 23337 | K39: Pedra do Dragão | L39: =PROPER(Base_Original!G39) -> Terras Da Coroa | M39: 11900 | N39: =IF(ISNUMBER(Base_Original!I39),Base_Original!I39,IF(RIGHT(Base_Original!I39,7)=" moedas",VALUE(LEFT(Base_Original!I39,LEN(Base_Original!I39)-7)),Base_Original!I39)) -> 58500 | O39: =IF(AND($N39>50000,$Q39="Sim"),"Negada","Aprovada") -> Aprovada | P39: =IF(AND($T39="Negada",$O39="Negada"),0,IF($B39="Ativo",$U39*8%,"0")) -> 3840 | Q39: =IF(OR(Base_Original!J39="Sim",Base_Original!J39="sim",Base_Original!J39="SIM"),"Sim",IF(OR(Base_Original!J39="Não",Base_Original!J39="não",Base_Original!J39="NÃO",Base_Original!J39="Nao"),"Não",IF(Base_Original!J39="","vazio",Base_Original!J39))) -> Não | R39: =IF(ISNUMBER(Base_Original!K39),Base_Original!K39,IF(RIGHT(Base_Original!K39,9)=" batalhas",VALUE(LEFT(Base_Original!K39,LEN(Base_Original!K39)-9)),Base_Original!K39)) -> 37 | S39: =IF($R39="vazio","vazio",IF($R39<=10,"Baixo",IF($R39<=25,"Médio","Alto"))) -> Alto | T39: =IF(AND($S39="Alto",$Q39="Sim"),"Negada","Aprovada") -> Aprovada | U39: 48000
A40: SOL039 | B40: =IF(Base_Original!A40="","vazio",IF(Base_Original!A40="ATIVO","Ativo",IF(Base_Original!A40="INATIVO","Inativo",Base_Original!A40))) -> Ativo | C40: =PROPER(Base_Original!B40) -> Brienne Dondarrion | D40: 000.000.256-00 | E40: =IF($D40="","Vazio",IF(LEN(SUBSTITUTE(SUBSTITUTE($D40&"",".",""),"-",""))<>11,"Inválido","OK")) -> OK | F40: =IF($D40="","Vazio",IF(COUNTIF($D$2:$D$369,$D40)>1,"Duplicado","Único")) -> Único | G40: =IF(TRIM(Base_Original!D40)="","",SUBSTITUTE(TRIM(Base_Original!D40),"anos","")) -> 39 | H40: =IF($J40="","Vazio",DATEDIF($J40,DATE(2026,9,10),"Y")) -> 39 | I40: =IF(OR(Tabela2[[#This Row],[Idade_Padronizada]]="",Tabela2[[#This Row],[Idade_Validação]]=""),"Vazio",IF(VALUE(Tabela2[[#This Row],[Idade_Padronizada]]&"")=VALUE(Tabela2[[#This Row],[Idade_Validação]]&""),"OK","Diferente")) -> OK | J40: 31814 | K40: Ilha dos Ursos | L40: =PROPER(Base_Original!G40) -> Norte | M40: 9300 | N40: =IF(ISNUMBER(Base_Original!I40),Base_Original!I40,IF(RIGHT(Base_Original!I40,7)=" moedas",VALUE(LEFT(Base_Original!I40,LEN(Base_Original!I40)-7)),Base_Original!I40)) -> 36500 | O40: =IF(AND($N40>50000,$Q40="Sim"),"Negada","Aprovada") -> Aprovada | P40: =IF(AND($T40="Negada",$O40="Negada"),0,IF($B40="Ativo",$U40*8%,"0")) -> 240 | Q40: =IF(OR(Base_Original!J40="Sim",Base_Original!J40="sim",Base_Original!J40="SIM"),"Sim",IF(OR(Base_Original!J40="Não",Base_Original!J40="não",Base_Original!J40="NÃO",Base_Original!J40="Nao"),"Não",IF(Base_Original!J40="","vazio",Base_Original!J40))) -> Não | R40: vazio | S40: =IF($R40="vazio","vazio",IF($R40<=10,"Baixo",IF($R40<=25,"Médio","Alto"))) -> vazio | T40: =IF(AND($S40="Alto",$Q40="Sim"),"Negada","Aprovada") -> Aprovada | U40: 3000
A41: SOL040 | B41: =IF(Base_Original!A41="","vazio",IF(Base_Original!A41="ATIVO","Ativo",IF(Base_Original!A41="INATIVO","Inativo",Base_Original!A41))) -> Ativo | C41: =PROPER(Base_Original!B41) -> Brienne Glover | D41: 000.000.355-00 | E41: =IF($D41="","Vazio",IF(LEN(SUBSTITUTE(SUBSTITUTE($D41&"",".",""),"-",""))<>11,"Inválido","OK")) -> OK | F41: =IF($D41="","Vazio",IF(COUNTIF($D$2:$D$369,$D41)>1,"Duplicado","Único")) -> Único | G41: =IF(TRIM(Base_Original!D41)="","",SUBSTITUTE(TRIM(Base_Original!D41),"anos","")) -> 67 | H41: =IF($J41="","Vazio",DATEDIF($J41,DATE(2026,9,10),"Y")) -> 67 | I41: =IF(OR(Tabela2[[#This Row],[Idade_Padronizada]]="",Tabela2[[#This Row],[Idade_Validação]]=""),"Vazio",IF(VALUE(Tabela2[[#This Row],[Idade_Padronizada]]&"")=VALUE(Tabela2[[#This Row],[Idade_Validação]]&""),"OK","Diferente")) -> OK | J41: 21522 | K41: Solar do Entardecer | L41: =PROPER(Base_Original!G41) -> Terras Da Tempestade | M41: 11300 | N41: =IF(ISNUMBER(Base_Original!I41),Base_Original!I41,IF(RIGHT(Base_Original!I41,7)=" moedas",VALUE(LEFT(Base_Original!I41,LEN(Base_Original!I41)-7)),Base_Original!I41)) -> 49500 | O41: =IF(AND($N41>50000,$Q41="Sim"),"Negada","Aprovada") -> Aprovada | P41: =IF(AND($T41="Negada",$O41="Negada"),0,IF($B41="Ativo",$U41*8%,"0")) -> 2760 | Q41: =IF(OR(Base_Original!J41="Sim",Base_Original!J41="sim",Base_Original!J41="SIM"),"Sim",IF(OR(Base_Original!J41="Não",Base_Original!J41="não",Base_Original!J41="NÃO",Base_Original!J41="Nao"),"Não",IF(Base_Original!J41="","vazio",Base_Original!J41))) -> Não | R41: =IF(ISNUMBER(Base_Original!K41),Base_Original!K41,IF(RIGHT(Base_Original!K41,9)=" batalhas",VALUE(LEFT(Base_Original!K41,LEN(Base_Original!K41)-9)),Base_Original!K41)) -> 12 | S41: =IF($R41="vazio","vazio",IF($R41<=10,"Baixo",IF($R41<=25,"Médio","Alto"))) -> Médio | T41: =IF(AND($S41="Alto",$Q41="Sim"),"Negada","Aprovada") -> Aprovada | U41: 34500
A42: SOL041 | B42: =IF(Base_Original!A42="","vazio",IF(Base_Original!A42="ATIVO","Ativo",IF(Base_Original!A42="INATIVO","Inativo",Base_Original!A42))) -> Ativo | C42: =PROPER(Base_Original!B42) -> Brienne Karstark | D42: 000.000.031-00 | E42: =IF($D42="","Vazio",IF(LEN(SUBSTITUTE(SUBSTITUTE($D42&"",".",""),"-",""))<>11,"Inválido","OK")) -> OK | F42: =IF($D42="","Vazio",IF(COUNTIF($D$2:$D$369,$D42)>1,"Duplicado","Único")) -> Único | G42: =IF(TRIM(Base_Original!D42)="","",SUBSTITUTE(TRIM(Base_Original!D42),"anos","")) -> 23 | H42: =IF($J42="","Vazio",DATEDIF($J42,DATE(2026,9,10),"Y")) -> 23 | I42: =IF(OR(Tabela2[[#This Row],[Idade_Padronizada]]="",Tabela2[[#This Row],[Idade_Validação]]=""),"Vazio",IF(VALUE(Tabela2[[#This Row],[Idade_Padronizada]]&"")=VALUE(Tabela2[[#This Row],[Idade_Validação]]&""),"OK","Diferente")) -> OK | J42: 37530 | K42: Pyke | Ilhas de Ferro | L42: =PROPER(Base_Original!G42) | M42: 10700 | N42: =IF(ISNUMBER(Base_Original!I42),Base_Original!I42,IF(RIGHT(Base_Original!I42,7)=" moedas",VALUE(LEFT(Base_Original!I42,LEN(Base_Original!I42)-7)),Base_Original!I42)) -> 15000 | O42: =IF(AND($N42>50000,$Q42="Sim"),"Negada","Aprovada") -> Aprovada | P42: =IF(AND($T42="Negada",$O42="Negada"),0,IF($B42="Ativo",$U42*8%,"0")) -> 6520 | Q42: =IF(OR(Base_Original!J42="Sim",Base_Original!J42="sim",Base_Original!J42="SIM"),"Sim",IF(OR(Base_Original!J42="Não",Base_Original!J42="não",Base_Original!J42="NÃO",Base_Original!J42="Nao"),"Não",IF(Base_Original!J42="","vazio",Base_Original!J42))) -> Não | R42: =IF(ISNUMBER(Base_Original!K42),Base_Original!K42,IF(RIGHT(Base_Original!K42,9)=" batalhas",VALUE(LEFT(Base_Original!K42,LEN(Base_Original!K42)-9)),Base_Original!K42)) -> 42 | S42: =IF($R42="vazio","vazio",IF($R42<=10,"Baixo",IF($R42<=25,"Médio","Alto"))) -> Alto | T42: =IF(AND($S42="Alto",$Q42="Sim"),"Negada","Aprovada") -> Aprovada | U42: 81500
A43: SOL042 | B43: =IF(Base_Original!A43="","vazio",IF(Base_Original!A43="ATIVO","Ativo",IF(Base_Original!A43="INATIVO","Inativo",Base_Original!A43))) -> Ativo | C43: =PROPER(Base_Original!B43) -> Brienne Mallister | D43: 000.000.202-00 | E43: =IF($D43="","Vazio",IF(LEN(SUBSTITUTE(SUBSTITUTE($D43&"",".",""),"-",""))<>11,"Inválido","OK")) -> OK | F43: =IF($D43="","Vazio",IF(COUNTIF($D$2:$D$369,$D43)>1,"Duplicado","Único")) -> Único | G43: =IF(TRIM(Base_Original!D43)="","",SUBSTITUTE(TRIM(Base_Original!D43),"anos","")) -> 53 | H43: =IF($J43="","Vazio",DATEDIF($J43,DATE(2026,9,10),"Y")) -> 53 | I43: =IF(OR(Tabela2[[#This Row],[Idade_Padronizada]]="",Tabela2[[#This Row],[Idade_Validação]]=""),"Vazio",IF(VALUE(Tabela2[[#This Row],[Idade_Padronizada]]&"")=VALUE(Tabela2[[#This Row],[Idade_Validação]]&""),"OK","Diferente")) -> OK | J43: 26840 | K43: Ilha dos Ursos | Norte | L43: =PROPER(Base_Original!G43) | M43: 9500 | N43: =IF(ISNUMBER(Base_Original!I43),Base_Original!I43,IF(RIGHT(Base_Original!I43,7)=" moedas",VALUE(LEFT(Base_Original!I43,LEN(Base_Original!I43)-7)),Base_Original!I43)) -> 66500 | O43: =IF(AND($N43>50000,$Q43="Sim"),"Negada","Aprovada") -> Negada | P43: =IF(AND($T43="Negada",$O43="Negada"),0,IF($B43="Ativo",$U43*8%,"0")) -> 0 | Q43: =IF(OR(Base_Original!J43="Sim",Base_Original!J43="sim",Base_Original!J43="SIM"),"Sim",IF(OR(Base_Original!J43="Não",Base_Original!J43="não",Base_Original!J43="NÃO",Base_Original!J43="Nao"),"Não",IF(Base_Original!J43="","vazio",Base_Original!J43))) -> Sim | R43: =IF(ISNUMBER(Base_Original!K43),Base_Original!K43,IF(RIGHT(Base_Original!K43,9)=" batalhas",VALUE(LEFT(Base_Original!K43,LEN(Base_Original!K43)-9)),Base_Original!K43)) -> 38 | S43: =IF($R43="vazio","vazio",IF($R43<=10,"Baixo",IF($R43<=25,"Médio","Alto"))) -> Alto | T43: =IF(AND($S43="Alto",$Q43="Sim"),"Negada","Aprovada") -> Negada | U43: 42500
A44: SOL043 | B44: =IF(Base_Original!A44="","vazio",IF(Base_Original!A44="ATIVO","Ativo",IF(Base_Original!A44="INATIVO","Inativo",Base_Original!A44))) -> Ativo | C44: =PROPER(Base_Original!B44) -> Brienne Manderly | D44: 000.000.140-00 | E44: =IF($D44="","Vazio",IF(LEN(SUBSTITUTE(SUBSTITUTE($D44&"",".",""),"-",""))<>11,"Inválido","OK")) -> OK | F44: =IF($D44="","Vazio",IF(COUNTIF($D$2:$D$369,$D44)>1,"Duplicado","Único")) -> Único | G44: =IF(TRIM(Base_Original!D44)="","",SUBSTITUTE(TRIM(Base_Original!D44),"anos","")) -> 28 | H44: =IF($J44="","Vazio",DATEDIF($J44,DATE(2026,9,10),"Y")) -> 28 | I44: =IF(OR(Tabela2[[#This Row],[Idade_Padronizada]]="",Tabela2[[#This Row],[Idade_Validação]]=""),"Vazio",IF(VALUE(Tabela2[[#This Row],[Idade_Padronizada]]&"")=VALUE(Tabela2[[#This Row],[Idade_Validação]]&""),"OK","Diferente")) -> OK | J44: 35830 | K44: Fosso Cailin | Norte | L44: =PROPER(Base_Original!G44) -> Oeste | M44: 11900 | N44: =IF(ISNUMBER(Base_Original!I44),Base_Original!I44,IF(RIGHT(Base_Original!I44,7)=" moedas",VALUE(LEFT(Base_Original!I44,LEN(Base_Original!I44)-7)),Base_Original!I44)) -> 19000 | O44: =IF(AND($N44>50000,$Q44="Sim"),"Negada","Aprovada") -> Aprovada | P44: =IF(AND($T44="Negada",$O44="Negada"),0,IF($B44="Ativo",$U44*8%,"0")) -> 960 | Q44: =IF(OR(Base_Original!J44="Sim",Base_Original!J44="sim",Base_Original!J44="SIM"),"Sim",IF(OR(Base_Original!J44="Não",Base_Original!J44="não",Base_Original!J44="NÃO",Base_Original!J44="Nao"),"Não",IF(Base_Original!J44="","vazio",Base_Original!J44))) -> Sim | R44: =IF(ISNUMBER(Base_Original!K44),Base_Original!K44,IF(RIGHT(Base_Original!K44,9)=" batalhas",VALUE(LEFT(Base_Original!K44,LEN(Base_Original!K44)-9)),Base_Original!K44)) -> 4 | S44: =IF($R44="vazio","vazio",IF($R44<=10,"Baixo",IF($R44<=25,"Médio","Alto"))) -> Baixo | T44: =IF(AND($S44="Alto",$Q44="Sim"),"Negada","Aprovada") -> Aprovada | U44: 12000
A45: SOL044 | B45: =IF(Base_Original!A45="","vazio",IF(Base_Original!A45="ATIVO","Ativo",IF(Base_Original!A45="INATIVO","Inativo",Base_Original!A45))) -> Ativo | C45: =PROPER(Base_Original!B45) -> Brienne Manderly | D45: 000.000.076-00 | E45: =IF($D45="","Vazio",IF(LEN(SUBSTITUTE(SUBSTITUTE($D45&"",".",""),"-",""))<>11,"Inválido","OK")) -> OK | F45: =IF($D45="","Vazio",IF(COUNTIF($D$2:$D$369,$D45)>1,"Duplicado","Único")) -> Único | G45: =IF(TRIM(Base_Original!D45)="","",SUBSTITUTE(TRIM(Base_Original!D45),"anos","")) -> 29 | H45: =IF($J45="","Vazio",DATEDIF($J45,DATE(2026,9,10),"Y")) -> 29 | I45: =IF(OR(Tabela2[[#This Row],[Idade_Padronizada]]="",Tabela2[[#This Row],[Idade_Validação]]=""),"Vazio",IF(VALUE(Tabela2[[#This Row],[Idade_Padronizada]]&"")=VALUE(Tabela2[[#This Row],[Idade_Validação]]&""),"OK","Diferente")) -> OK | J45: 35472 | K45: Lannisporto | L45: =PROPER(Base_Original!G45) | M45: 8600 | N45: =IF(ISNUMBER(Base_Original!I45),Base_Original!I45,IF(RIGHT(Base_Original!I45,7)=" moedas",VALUE(LEFT(Base_Original!I45,LEN(Base_Original!I45)-7)),Base_Original!I45)) -> 65000 | O45: =IF(AND($N45>50000,$Q45="Sim"),"Negada","Aprovada") -> Negada | P45: =IF(AND($T45="Negada",$O45="Negada"),0,IF($B45="Ativo",$U45*8%,"0")) -> 0 | Q45: =IF(OR(Base_Original!J45="Sim",Base_Original!J45="sim",Base_Original!J45="SIM"),"Sim",IF(OR(Base_Original!J45="Não",Base_Original!J45="não",Base_Original!J45="NÃO",Base_Original!J45="Nao"),"Não",IF(Base_Original!J45="","vazio",Base_Original!J45))) -> Sim | R45: =IF(ISNUMBER(Base_Original!K45),Base_Original!K45,IF(RIGHT(Base_Original!K45,9)=" batalhas",VALUE(LEFT(Base_Original!K45,LEN(Base_Original!K45)-9)),Base_Original!K45)) -> 29 | S45: =IF($R45="vazio","vazio",IF($R45<=10,"Baixo",IF($R45<=25,"Médio","Alto"))) -> Alto | T45: =IF(AND($S45="Alto",$Q45="Sim"),"Negada","Aprovada") -> Negada | U45: 32500
A46: SOL045 | B46: =IF(Base_Original!A46="","vazio",IF(Base_Original!A46="ATIVO","Ativo",IF(Base_Original!A46="INATIVO","Inativo",Base_Original!A46))) -> Inativo | C46: =PROPER(Base_Original!B46) -> Brienne Reed | D46: 000.000.306-00 | E46: =IF($D46="","Vazio",IF(LEN(SUBSTITUTE(SUBSTITUTE($D46&"",".",""),"-",""))<>11,"Inválido","OK")) -> OK | F46: =IF($D46="","Vazio",IF(COUNTIF($D$2:$D$369,$D46)>1,"Duplicado","Único")) -> Único | G46: =IF(TRIM(Base_Original!D46)="","",SUBSTITUTE(TRIM(Base_Original!D46),"anos","")) -> 68 | H46: =IF($J46="","Vazio",DATEDIF($J46,DATE(2026,9,10),"Y")) -> 68 | I46: =IF(OR(Tabela2[[#This Row],[Idade_Padronizada]]="",Tabela2[[#This Row],[Idade_Validação]]=""),"Vazio",IF(VALUE(Tabela2[[#This Row],[Idade_Padronizada]]&"")=VALUE(Tabela2[[#This Row],[Idade_Validação]]&""),"OK","Diferente")) -> OK | J46: 21293 | K46: Pyke | L46: =PROPER(Base_Original!G46) -> Ilhas De Ferro | M46: 3800 | N46: =IF(ISNUMBER(Base_Original!I46),Base_Original!I46,IF(RIGHT(Base_Original!I46,7)=" moedas",VALUE(LEFT(Base_Original!I46,LEN(Base_Original!I46)-7)),Base_Original!I46)) -> 70000 | O46: =IF(AND($N46>50000,$Q46="Sim"),"Negada","Aprovada") -> Negada | P46: =IF(AND($T46="Negada",$O46="Negada"),0,IF($B46="Ativo",$U46*8%,"0")) -> 0 | Q46: =IF(OR(Base_Original!J46="Sim",Base_Original!J46="sim",Base_Original!J46="SIM"),"Sim",IF(OR(Base_Original!J46="Não",Base_Original!J46="não",Base_Original!J46="NÃO",Base_Original!J46="Nao"),"Não",IF(Base_Original!J46="","vazio",Base_Original!J46))) -> Sim | R46: =IF(ISNUMBER(Base_Original!K46),Base_Original!K46,IF(RIGHT(Base_Original!K46,9)=" batalhas",VALUE(LEFT(Base_Original!K46,LEN(Base_Original!K46)-9)),Base_Original!K46)) -> 34 | S46: =IF($R46="vazio","vazio",IF($R46<=10,"Baixo",IF($R46<=25,"Médio","Alto"))) -> Alto | T46: =IF(AND($S46="Alto",$Q46="Sim"),"Negada","Aprovada") -> Negada | U46: 7500
A47: SOL046 | B47: =IF(Base_Original!A47="","vazio",IF(Base_Original!A47="ATIVO","Ativo",IF(Base_Original!A47="INATIVO","Inativo",Base_Original!A47))) -> Ativo | C47: =PROPER(Base_Original!B47) -> Brienne Royce | D47: 10800 | E47: =IF($D47="","Vazio",IF(LEN(SUBSTITUTE(SUBSTITUTE($D47&"",".",""),"-",""))<>11,"Inválido","OK")) -> Inválido | F47: =IF($D47="","Vazio",IF(COUNTIF($D$2:$D$369,$D47)>1,"Duplicado","Único")) -> Único | G47: =IF(TRIM(Base_Original!D47)="","",SUBSTITUTE(TRIM(Base_Original!D47),"anos","")) -> 39 | H47: =IF($J47="","Vazio",DATEDIF($J47,DATE(2026,9,10),"Y")) -> 39 | I47: =IF(OR(Tabela2[[#This Row],[Idade_Padronizada]]="",Tabela2[[#This Row],[Idade_Validação]]=""),"Vazio",IF(VALUE(Tabela2[[#This Row],[Idade_Padronizada]]&"")=VALUE(Tabela2[[#This Row],[Idade_Validação]]&""),"OK","Diferente")) -> OK | J47: 31766 | K47: Vilavelha | L47: =PROPER(Base_Original!G47) -> Campina | M47: 24700 | N47: =IF(ISNUMBER(Base_Original!I47),Base_Original!I47,IF(RIGHT(Base_Original!I47,7)=" moedas",VALUE(LEFT(Base_Original!I47,LEN(Base_Original!I47)-7)),Base_Original!I47)) -> 23500 | O47: =IF(AND($N47>50000,$Q47="Sim"),"Negada","Aprovada") -> Aprovada | P47: =IF(AND($T47="Negada",$O47="Negada"),0,IF($B47="Ativo",$U47*8%,"0")) -> 4560 | Q47: =IF(OR(Base_Original!J47="Sim",Base_Original!J47="sim",Base_Original!J47="SIM"),"Sim",IF(OR(Base_Original!J47="Não",Base_Original!J47="não",Base_Original!J47="NÃO",Base_Original!J47="Nao"),"Não",IF(Base_Original!J47="","vazio",Base_Original!J47))) -> Não | R47: =IF(ISNUMBER(Base_Original!K47),Base_Original!K47,IF(RIGHT(Base_Original!K47,9)=" batalhas",VALUE(LEFT(Base_Original!K47,LEN(Base_Original!K47)-9)),Base_Original!K47)) -> 43 | S47: =IF($R47="vazio","vazio",IF($R47<=10,"Baixo",IF($R47<=25,"Médio","Alto"))) -> Alto | T47: =IF(AND($S47="Alto",$Q47="Sim"),"Negada","Aprovada") -> Aprovada | U47: 57000
A48: SOL047 | B48: =IF(Base_Original!A48="","vazio",IF(Base_Original!A48="ATIVO","Ativo",IF(Base_Original!A48="INATIVO","Inativo",Base_Original!A48))) -> Ativo | C48: =PROPER(Base_Original!B48) -> Brienne Westerling | D48: 000.000.379-00 | E48: =IF($D48="","Vazio",IF(LEN(SUBSTITUTE(SUBSTITUTE($D48&"",".",""),"-",""))<>11,"Inválido","OK")) -> OK | F48: =IF($D48="","Vazio",IF(COUNTIF($D$2:$D$369,$D48)>1,"Duplicado","Único")) -> Único | G48: =IF(TRIM(Base_Original!D48)="","",SUBSTITUTE(TRIM(Base_Original!D48),"anos","")) -> 59 | H48: =IF($J48="","Vazio",DATEDIF($J48,DATE(2026,9,10),"Y")) -> 59 | I48: =IF(OR(Tabela2[[#This Row],[Idade_Padronizada]]="",Tabela2[[#This Row],[Idade_Validação]]=""),"Vazio",IF(VALUE(Tabela2[[#This Row],[Idade_Padronizada]]&"")=VALUE(Tabela2[[#This Row],[Idade_Validação]]&""),"OK","Diferente")) -> OK | J48: 24578 | K48: Atalaia da Água Cinzenta | L48: =PROPER(Base_Original!G48) | M48: 6600 | N48: =IF(ISNUMBER(Base_Original!I48),Base_Original!I48,IF(RIGHT(Base_Original!I48,7)=" moedas",VALUE(LEFT(Base_Original!I48,LEN(Base_Original!I48)-7)),Base_Original!I48)) -> 50000 | O48: =IF(AND($N48>50000,$Q48="Sim"),"Negada","Aprovada") -> Aprovada | P48: =IF(AND($T48="Negada",$O48="Negada"),0,IF($B48="Ativo",$U48*8%,"0")) -> 2000 | Q48: =IF(OR(Base_Original!J48="Sim",Base_Original!J48="sim",Base_Original!J48="SIM"),"Sim",IF(OR(Base_Original!J48="Não",Base_Original!J48="não",Base_Original!J48="NÃO",Base_Original!J48="Nao"),"Não",IF(Base_Original!J48="","vazio",Base_Original!J48))) -> Sim | R48: =IF(ISNUMBER(Base_Original!K48),Base_Original!K48,IF(RIGHT(Base_Original!K48,9)=" batalhas",VALUE(LEFT(Base_Original!K48,LEN(Base_Original!K48)-9)),Base_Original!K48)) -> 9 | S48: =IF($R48="vazio","vazio",IF($R48<=10,"Baixo",IF($R48<=25,"Médio","Alto"))) -> Baixo | T48: =IF(AND($S48="Alto",$Q48="Sim"),"Negada","Aprovada") -> Aprovada | U48: 25000
A49: SOL048 | B49: =IF(Base_Original!A49="","vazio",IF(Base_Original!A49="ATIVO","Ativo",IF(Base_Original!A49="INATIVO","Inativo",Base_Original!A49))) -> Ativo | C49: =PROPER(Base_Original!B49) -> Bronn Arryn | D49: 000.000.016-00 | E49: =IF($D49="","Vazio",IF(LEN(SUBSTITUTE(SUBSTITUTE($D49&"",".",""),"-",""))<>11,"Inválido","OK")) -> OK | F49: =IF($D49="","Vazio",IF(COUNTIF($D$2:$D$369,$D49)>1,"Duplicado","Único")) -> Único | G49: =IF(TRIM(Base_Original!D49)="","",SUBSTITUTE(TRIM(Base_Original!D49),"anos","")) -> 44 | H49: =IF($J49="","Vazio",DATEDIF($J49,DATE(2026,9,10),"Y")) -> 44 | I49: =IF(OR(Tabela2[[#This Row],[Idade_Padronizada]]="",Tabela2[[#This Row],[Idade_Validação]]=""),"Vazio",IF(VALUE(Tabela2[[#This Row],[Idade_Padronizada]]&"")=VALUE(Tabela2[[#This Row],[Idade_Validação]]&""),"OK","Diferente")) -> OK | J49: 29975 | K49: Lannisporto | L49: =PROPER(Base_Original!G49) -> Oeste | M49: 5300 | N49: =IF(ISNUMBER(Base_Original!I49),Base_Original!I49,IF(RIGHT(Base_Original!I49,7)=" moedas",VALUE(LEFT(Base_Original!I49,LEN(Base_Original!I49)-7)),Base_Original!I49)) -> 6000 | O49: =IF(AND($N49>50000,$Q49="Sim"),"Negada","Aprovada") -> Aprovada | P49: =IF(AND($T49="Negada",$O49="Negada"),0,IF($B49="Ativo",$U49*8%,"0")) -> 360 | Q49: =IF(OR(Base_Original!J49="Sim",Base_Original!J49="sim",Base_Original!J49="SIM"),"Sim",IF(OR(Base_Original!J49="Não",Base_Original!J49="não",Base_Original!J49="NÃO",Base_Original!J49="Nao"),"Não",IF(Base_Original!J49="","vazio",Base_Original!J49))) -> Sim | R49: =IF(ISNUMBER(Base_Original!K49),Base_Original!K49,IF(RIGHT(Base_Original!K49,9)=" batalhas",VALUE(LEFT(Base_Original!K49,LEN(Base_Original!K49)-9)),Base_Original!K49)) -> 1 | S49: =IF($R49="vazio","vazio",IF($R49<=10,"Baixo",IF($R49<=25,"Médio","Alto"))) -> Baixo | T49: =IF(AND($S49="Alto",$Q49="Sim"),"Negada","Aprovada") -> Aprovada | U49: 4500
A50: SOL049 | B50: =IF(Base_Original!A50="","vazio",IF(Base_Original!A50="ATIVO","Ativo",IF(Base_Original!A50="INATIVO","Inativo",Base_Original!A50))) -> Inativo | C50: =PROPER(Base_Original!B50) -> Bronn Baratheon | D50: 32500 | E50: =IF($D50="","Vazio",IF(LEN(SUBSTITUTE(SUBSTITUTE($D50&"",".",""),"-",""))<>11,"Inválido","OK")) -> Inválido | F50: =IF($D50="","Vazio",IF(COUNTIF($D$2:$D$369,$D50)>1,"Duplicado","Único")) -> Único | G50: =IF(TRIM(Base_Original!D50)="","",SUBSTITUTE(TRIM(Base_Original!D50),"anos","")) -> 48 | H50: =IF($J50="","Vazio",DATEDIF($J50,DATE(2026,9,10),"Y")) -> 48 | I50: =IF(OR(Tabela2[[#This Row],[Idade_Padronizada]]="",Tabela2[[#This Row],[Idade_Validação]]=""),"Vazio",IF(VALUE(Tabela2[[#This Row],[Idade_Padronizada]]&"")=VALUE(Tabela2[[#This Row],[Idade_Validação]]&""),"OK","Diferente")) -> OK | J50: 28446 | K50: Pedra do Dragão | L50: =PROPER(Base_Original!G50) -> Terras Da Coroa | M50: 6900 | N50: =IF(ISNUMBER(Base_Original!I50),Base_Original!I50,IF(RIGHT(Base_Original!I50,7)=" moedas",VALUE(LEFT(Base_Original!I50,LEN(Base_Original!I50)-7)),Base_Original!I50)) -> 52500 | O50: =IF(AND($N50>50000,$Q50="Sim"),"Negada","Aprovada") -> Negada | P50: =IF(AND($T50="Negada",$O50="Negada"),0,IF($B50="Ativo",$U50*8%,"0")) -> 0 | Q50: =IF(OR(Base_Original!J50="Sim",Base_Original!J50="sim",Base_Original!J50="SIM"),"Sim",IF(OR(Base_Original!J50="Não",Base_Original!J50="não",Base_Original!J50="NÃO",Base_Original!J50="Nao"),"Não",IF(Base_Original!J50="","vazio",Base_Original!J50))) -> Sim | R50: =IF(ISNUMBER(Base_Original!K50),Base_Original!K50,IF(RIGHT(Base_Original!K50,9)=" batalhas",VALUE(LEFT(Base_Original!K50,LEN(Base_Original!K50)-9)),Base_Original!K50)) -> 0 | S50: =IF($R50="vazio","vazio",IF($R50<=10,"Baixo",IF($R50<=25,"Médio","Alto"))) -> Baixo | T50: =IF(AND($S50="Alto",$Q50="Sim"),"Negada","Aprovada") -> Aprovada | U50: 66000
A51: SOL050 | B51: =IF(Base_Original!A51="","vazio",IF(Base_Original!A51="ATIVO","Ativo",IF(Base_Original!A51="INATIVO","Inativo",Base_Original!A51))) -> Ativo | C51: =PROPER(Base_Original!B51) -> Bronn Blackwood | D51: 000.000.052-00 | E51: =IF($D51="","Vazio",IF(LEN(SUBSTITUTE(SUBSTITUTE($D51&"",".",""),"-",""))<>11,"Inválido","OK")) -> OK | F51: =IF($D51="","Vazio",IF(COUNTIF($D$2:$D$369,$D51)>1,"Duplicado","Único")) -> Único | G51: =IF(TRIM(Base_Original!D51)="","",SUBSTITUTE(TRIM(Base_Original!D51),"anos","")) -> 43 | H51: =IF($J51="","Vazio",DATEDIF($J51,DATE(2026,9,10),"Y")) -> 43 | I51: =IF(OR(Tabela2[[#This Row],[Idade_Padronizada]]="",Tabela2[[#This Row],[Idade_Validação]]=""),"Vazio",IF(VALUE(Tabela2[[#This Row],[Idade_Padronizada]]&"")=VALUE(Tabela2[[#This Row],[Idade_Validação]]&""),"OK","Diferente")) -> OK | J51: 30309 | K51: Atalaia da Água Cinzenta | L51: =PROPER(Base_Original!G51) -> Gargalo | M51: 18400 | N51: =IF(ISNUMBER(Base_Original!I51),Base_Original!I51,IF(RIGHT(Base_Original!I51,7)=" moedas",VALUE(LEFT(Base_Original!I51,LEN(Base_Original!I51)-7)),Base_Original!I51)) -> 62000 | O51: =IF(AND($N51>50000,$Q51="Sim"),"Negada","Aprovada") -> Aprovada | P51: =IF(AND($T51="Negada",$O51="Negada"),0,IF($B51="Ativo",$U51*8%,"0")) -> 2480 | Q51: =IF(OR(Base_Original!J51="Sim",Base_Original!J51="sim",Base_Original!J51="SIM"),"Sim",IF(OR(Base_Original!J51="Não",Base_Original!J51="não",Base_Original!J51="NÃO",Base_Original!J51="Nao"),"Não",IF(Base_Original!J51="","vazio",Base_Original!J51))) -> Não | R51: =IF(ISNUMBER(Base_Original!K51),Base_Original!K51,IF(RIGHT(Base_Original!K51,9)=" batalhas",VALUE(LEFT(Base_Original!K51,LEN(Base_Original!K51)-9)),Base_Original!K51)) -> 33 | S51: =IF($R51="vazio","vazio",IF($R51<=10,"Baixo",IF($R51<=25,"Médio","Alto"))) -> Alto | T51: =IF(AND($S51="Alto",$Q51="Sim"),"Negada","Aprovada") -> Aprovada | U51: 31000
A52: SOL051 | B52: =IF(Base_Original!A52="","vazio",IF(Base_Original!A52="ATIVO","Ativo",IF(Base_Original!A52="INATIVO","Inativo",Base_Original!A52))) -> Ativo | C52: =PROPER(Base_Original!B52) -> Bronn Bolton | D52: 000.000.143-00 | E52: =IF($D52="","Vazio",IF(LEN(SUBSTITUTE(SUBSTITUTE($D52&"",".",""),"-",""))<>11,"Inválido","OK")) -> OK | F52: =IF($D52="","Vazio",IF(COUNTIF($D$2:$D$369,$D52)>1,"Duplicado","Único")) -> Único | G52: =IF(TRIM(Base_Original!D52)="","",SUBSTITUTE(TRIM(Base_Original!D52),"anos","")) -> 26 | H52: =IF($J52="","Vazio",DATEDIF($J52,DATE(2026,9,10),"Y")) -> 26 | I52: =IF(OR(Tabela2[[#This Row],[Idade_Padronizada]]="",Tabela2[[#This Row],[Idade_Validação]]=""),"Vazio",IF(VALUE(Tabela2[[#This Row],[Idade_Padronizada]]&"")=VALUE(Tabela2[[#This Row],[Idade_Validação]]&""),"OK","Diferente")) -> OK | J52: 36619 | K52: Harrenhal | L52: =PROPER(Base_Original!G52) -> Terras Fluviais | M52: 26800 | N52: =IF(ISNUMBER(Base_Original!I52),Base_Original!I52,IF(RIGHT(Base_Original!I52,7)=" moedas",VALUE(LEFT(Base_Original!I52,LEN(Base_Original!I52)-7)),Base_Original!I52)) -> 42500 | O52: =IF(AND($N52>50000,$Q52="Sim"),"Negada","Aprovada") -> Aprovada | P52: =IF(AND($T52="Negada",$O52="Negada"),0,IF($B52="Ativo",$U52*8%,"0")) -> 5280 | Q52: =IF(OR(Base_Original!J52="Sim",Base_Original!J52="sim",Base_Original!J52="SIM"),"Sim",IF(OR(Base_Original!J52="Não",Base_Original!J52="não",Base_Original!J52="NÃO",Base_Original!J52="Nao"),"Não",IF(Base_Original!J52="","vazio",Base_Original!J52))) -> Sim | R52: =IF(ISNUMBER(Base_Original!K52),Base_Original!K52,IF(RIGHT(Base_Original!K52,9)=" batalhas",VALUE(LEFT(Base_Original!K52,LEN(Base_Original!K52)-9)),Base_Original!K52)) -> 29 | S52: =IF($R52="vazio","vazio",IF($R52<=10,"Baixo",IF($R52<=25,"Médio","Alto"))) -> Alto | T52: =IF(AND($S52="Alto",$Q52="Sim"),"Negada","Aprovada") -> Negada | U52: 66000
A53: SOL052 | B53: =IF(Base_Original!A53="","vazio",IF(Base_Original!A53="ATIVO","Ativo",IF(Base_Original!A53="INATIVO","Inativo",Base_Original!A53))) -> Ativo | C53: =PROPER(Base_Original!B53) -> Bronn Crakehall | D53: 29500 | E53: =IF($D53="","Vazio",IF(LEN(SUBSTITUTE(SUBSTITUTE($D53&"",".",""),"-",""))<>11,"Inválido","OK")) -> Inválido | F53: =IF($D53="","Vazio",IF(COUNTIF($D$2:$D$369,$D53)>1,"Duplicado","Único")) -> Único | G53: =IF(TRIM(Base_Original!D53)="","",SUBSTITUTE(TRIM(Base_Original!D53),"anos","")) -> 68 | H53: =IF($J53="","Vazio",DATEDIF($J53,DATE(2026,9,10),"Y")) -> 68 | I53: =IF(OR(Tabela2[[#This Row],[Idade_Padronizada]]="",Tabela2[[#This Row],[Idade_Validação]]=""),"Vazio",IF(VALUE(Tabela2[[#This Row],[Idade_Padronizada]]&"")=VALUE(Tabela2[[#This Row],[Idade_Validação]]&""),"OK","Diferente")) -> OK | J53: 21079 | K53: Atalaia da Água Cinzenta | L53: =PROPER(Base_Original!G53) -> Gargalo | M53: 3600 | N53: =IF(ISNUMBER(Base_Original!I53),Base_Original!I53,IF(RIGHT(Base_Original!I53,7)=" moedas",VALUE(LEFT(Base_Original!I53,LEN(Base_Original!I53)-7)),Base_Original!I53)) -> 64500 | O53: =IF(AND($N53>50000,$Q53="Sim"),"Negada","Aprovada") -> Negada | P53: =IF(AND($T53="Negada",$O53="Negada"),0,IF($B53="Ativo",$U53*8%,"0")) -> 0 | Q53: =IF(OR(Base_Original!J53="Sim",Base_Original!J53="sim",Base_Original!J53="SIM"),"Sim",IF(OR(Base_Original!J53="Não",Base_Original!J53="não",Base_Original!J53="NÃO",Base_Original!J53="Nao"),"Não",IF(Base_Original!J53="","vazio",Base_Original!J53))) -> Sim | R53: =IF(ISNUMBER(Base_Original!K53),Base_Original!K53,IF(RIGHT(Base_Original!K53,9)=" batalhas",VALUE(LEFT(Base_Original!K53,LEN(Base_Original!K53)-9)),Base_Original!K53)) -> 32 | S53: =IF($R53="vazio","vazio",IF($R53<=10,"Baixo",IF($R53<=25,"Médio","Alto"))) -> Alto | T53: =IF(AND($S53="Alto",$Q53="Sim"),"Negada","Aprovada") -> Negada | U53: 35500
A54: SOL053 | B54: =IF(Base_Original!A54="","vazio",IF(Base_Original!A54="ATIVO","Ativo",IF(Base_Original!A54="INATIVO","Inativo",Base_Original!A54))) -> Ativo | C54: =PROPER(Base_Original!B54) -> Bronn Dondarrion | D54: 000.000.036-00 | E54: =IF($D54="","Vazio",IF(LEN(SUBSTITUTE(SUBSTITUTE($D54&"",".",""),"-",""))<>11,"Inválido","OK")) -> OK | F54: =IF($D54="","Vazio",IF(COUNTIF($D$2:$D$369,$D54)>1,"Duplicado","Único")) -> Único | G54: =IF(TRIM(Base_Original!D54)="","",SUBSTITUTE(TRIM(Base_Original!D54),"anos","")) -> 49 | H54: =IF($J54="","Vazio",DATEDIF($J54,DATE(2026,9,10),"Y")) -> 49 | I54: =IF(OR(Tabela2[[#This Row],[Idade_Padronizada]]="",Tabela2[[#This Row],[Idade_Validação]]=""),"Vazio",IF(VALUE(Tabela2[[#This Row],[Idade_Padronizada]]&"")=VALUE(Tabela2[[#This Row],[Idade_Validação]]&""),"OK","Diferente")) -> OK | J54: 28136 | K54: Jardim de Cima | L54: =PROPER(Base_Original!G54) -> Campina | M54: 20300 | N54: =IF(ISNUMBER(Base_Original!I54),Base_Original!I54,IF(RIGHT(Base_Original!I54,7)=" moedas",VALUE(LEFT(Base_Original!I54,LEN(Base_Original!I54)-7)),Base_Original!I54)) -> 12000 | O54: =IF(AND($N54>50000,$Q54="Sim"),"Negada","Aprovada") -> Aprovada | P54: =IF(AND($T54="Negada",$O54="Negada"),0,IF($B54="Ativo",$U54*8%,"0")) -> 5400 | Q54: =IF(OR(Base_Original!J54="Sim",Base_Original!J54="sim",Base_Original!J54="SIM"),"Sim",IF(OR(Base_Original!J54="Não",Base_Original!J54="não",Base_Original!J54="NÃO",Base_Original!J54="Nao"),"Não",IF(Base_Original!J54="","vazio",Base_Original!J54))) -> Sim | R54: =IF(ISNUMBER(Base_Original!K54),Base_Original!K54,IF(RIGHT(Base_Original!K54,9)=" batalhas",VALUE(LEFT(Base_Original!K54,LEN(Base_Original!K54)-9)),Base_Original!K54)) -> 27 | S54: =IF($R54="vazio","vazio",IF($R54<=10,"Baixo",IF($R54<=25,"Médio","Alto"))) -> Alto | T54: =IF(AND($S54="Alto",$Q54="Sim"),"Negada","Aprovada") -> Negada | U54: 67500
A55: SOL054 | B55: =IF(Base_Original!A55="","vazio",IF(Base_Original!A55="ATIVO","Ativo",IF(Base_Original!A55="INATIVO","Inativo",Base_Original!A55))) -> Ativo | C55: =PROPER(Base_Original!B55) -> Bronn Mallister | D55: 000.000.200-00 | E55: =IF($D55="","Vazio",IF(LEN(SUBSTITUTE(SUBSTITUTE($D55&"",".",""),"-",""))<>11,"Inválido","OK")) -> OK | F55: =IF($D55="","Vazio",IF(COUNTIF($D$2:$D$369,$D55)>1,"Duplicado","Único")) -> Único | G55: =IF(TRIM(Base_Original!D55)="","",SUBSTITUTE(TRIM(Base_Original!D55),"anos","")) -> 35 | H55: Data de nascimento vazia | I55: Data de nascimento vazia | K55: Vilavelha | L55: =PROPER(Base_Original!G55) -> Campina | M55: 28000 | N55: =IF(ISNUMBER(Base_Original!I55),Base_Original!I55,IF(RIGHT(Base_Original!I55,7)=" moedas",VALUE(LEFT(Base_Original!I55,LEN(Base_Original!I55)-7)),Base_Original!I55)) -> 76500 | O55: =IF(AND($N55>50000,$Q55="Sim"),"Negada","Aprovada") -> Aprovada | P55: =IF(AND($T55="Negada",$O55="Negada"),0,IF($B55="Ativo",$U55*8%,"0")) -> 2560 | Q55: =IF(OR(Base_Original!J55="Sim",Base_Original!J55="sim",Base_Original!J55="SIM"),"Sim",IF(OR(Base_Original!J55="Não",Base_Original!J55="não",Base_Original!J55="NÃO",Base_Original!J55="Nao"),"Não",IF(Base_Original!J55="","vazio",Base_Original!J55))) -> Não | R55: =IF(ISNUMBER(Base_Original!K55),Base_Original!K55,IF(RIGHT(Base_Original!K55,9)=" batalhas",VALUE(LEFT(Base_Original!K55,LEN(Base_Original!K55)-9)),Base_Original!K55)) -> 39 | S55: =IF($R55="vazio","vazio",IF($R55<=10,"Baixo",IF($R55<=25,"Médio","Alto"))) -> Alto | T55: =IF(AND($S55="Alto",$Q55="Sim"),"Negada","Aprovada") -> Aprovada | U55: 32000
A56: SOL055 | B56: =IF(Base_Original!A56="","vazio",IF(Base_Original!A56="ATIVO","Ativo",IF(Base_Original!A56="INATIVO","Inativo",Base_Original!A56))) -> Inativo | C56: =PROPER(Base_Original!B56) -> Bronn Manderly | D56: 000.000.074-00 | E56: =IF($D56="","Vazio",IF(LEN(SUBSTITUTE(SUBSTITUTE($D56&"",".",""),"-",""))<>11,"Inválido","OK")) -> OK | F56: =IF($D56="","Vazio",IF(COUNTIF($D$2:$D$369,$D56)>1,"Duplicado","Único")) -> Único | G56: =IF(TRIM(Base_Original!D56)="","",SUBSTITUTE(TRIM(Base_Original!D56),"anos","")) -> 69 | H56: =IF($J56="","Vazio",DATEDIF($J56,DATE(2026,9,10),"Y")) -> 69 | I56: =IF(OR(Tabela2[[#This Row],[Idade_Padronizada]]="",Tabela2[[#This Row],[Idade_Validação]]=""),"Vazio",IF(VALUE(Tabela2[[#This Row],[Idade_Padronizada]]&"")=VALUE(Tabela2[[#This Row],[Idade_Validação]]&""),"OK","Diferente")) -> OK | J56: 20785 | K56: Castelo Negro | L56: =PROPER(Base_Original!G56) -> Norte | M56: 16000 | N56: =IF(ISNUMBER(Base_Original!I56),Base_Original!I56,IF(RIGHT(Base_Original!I56,7)=" moedas",VALUE(LEFT(Base_Original!I56,LEN(Base_Original!I56)-7)),Base_Original!I56)) -> 48000 | O56: =IF(AND($N56>50000,$Q56="Sim"),"Negada","Aprovada") -> Aprovada | P56: =IF(AND($T56="Negada",$O56="Negada"),0,IF($B56="Ativo",$U56*8%,"0")) -> 0 | Q56: =IF(OR(Base_Original!J56="Sim",Base_Original!J56="sim",Base_Original!J56="SIM"),"Sim",IF(OR(Base_Original!J56="Não",Base_Original!J56="não",Base_Original!J56="NÃO",Base_Original!J56="Nao"),"Não",IF(Base_Original!J56="","vazio",Base_Original!J56))) -> Não | R56: =IF(ISNUMBER(Base_Original!K56),Base_Original!K56,IF(RIGHT(Base_Original!K56,9)=" batalhas",VALUE(LEFT(Base_Original!K56,LEN(Base_Original!K56)-9)),Base_Original!K56)) -> 29 | S56: =IF($R56="vazio","vazio",IF($R56<=10,"Baixo",IF($R56<=25,"Médio","Alto"))) -> Alto | T56: =IF(AND($S56="Alto",$Q56="Sim"),"Negada","Aprovada") -> Aprovada | U56: 74500
A57: SOL056 | B57: =IF(Base_Original!A57="","vazio",IF(Base_Original!A57="ATIVO","Ativo",IF(Base_Original!A57="INATIVO","Inativo",Base_Original!A57))) -> Ativo | C57: =PROPER(Base_Original!B57) -> Bronn Royce | D57: 36900 | E57: =IF($D57="","Vazio",IF(LEN(SUBSTITUTE(SUBSTITUTE($D57&"",".",""),"-",""))<>11,"Inválido","OK")) -> Inválido | F57: =IF($D57="","Vazio",IF(COUNTIF($D$2:$D$369,$D57)>1,"Duplicado","Único")) -> Duplicado | G57: =IF(TRIM(Base_Original!D57)="","",SUBSTITUTE(TRIM(Base_Original!D57),"anos","")) -> 61 | H57: =IF($J57="","Vazio",DATEDIF($J57,DATE(2026,9,10),"Y")) -> 61 | I57: =IF(OR(Tabela2[[#This Row],[Idade_Padronizada]]="",Tabela2[[#This Row],[Idade_Validação]]=""),"Vazio",IF(VALUE(Tabela2[[#This Row],[Idade_Padronizada]]&"")=VALUE(Tabela2[[#This Row],[Idade_Validação]]&""),"OK","Diferente")) -> OK | J57: 23928 | K57: Solar do Entardecer | L57: =PROPER(Base_Original!G57) -> Terras Da Tempestade | M57: 22900 | N57: =IF(ISNUMBER(Base_Original!I57),Base_Original!I57,IF(RIGHT(Base_Original!I57,7)=" moedas",VALUE(LEFT(Base_Original!I57,LEN(Base_Original!I57)-7)),Base_Original!I57)) -> 7500 | O57: =IF(AND($N57>50000,$Q57="Sim"),"Negada","Aprovada") -> Aprovada | P57: =IF(AND($T57="Negada",$O57="Negada"),0,IF($B57="Ativo",$U57*8%,"0")) -> 5840 | Q57: =IF(OR(Base_Original!J57="Sim",Base_Original!J57="sim",Base_Original!J57="SIM"),"Sim",IF(OR(Base_Original!J57="Não",Base_Original!J57="não",Base_Original!J57="NÃO",Base_Original!J57="Nao"),"Não",IF(Base_Original!J57="","vazio",Base_Original!J57))) -> Não | R57: =IF(ISNUMBER(Base_Original!K57),Base_Original!K57,IF(RIGHT(Base_Original!K57,9)=" batalhas",VALUE(LEFT(Base_Original!K57,LEN(Base_Original!K57)-9)),Base_Original!K57)) -> 12 | S57: =IF($R57="vazio","vazio",IF($R57<=10,"Baixo",IF($R57<=25,"Médio","Alto"))) -> Médio | T57: =IF(AND($S57="Alto",$Q57="Sim"),"Negada","Aprovada") -> Aprovada | U57: 73000
A58: SOL057 | B58: =IF(Base_Original!A58="","vazio",IF(Base_Original!A58="ATIVO","Ativo",IF(Base_Original!A58="INATIVO","Inativo",Base_Original!A58))) -> Ativo | C58: =PROPER(Base_Original!B58) -> Bronn Royce | D58: 36900 | E58: =IF($D58="","Vazio",IF(LEN(SUBSTITUTE(SUBSTITUTE($D58&"",".",""),"-",""))<>11,"Inválido","OK")) -> Inválido | F58: =IF($D58="","Vazio",IF(COUNTIF($D$2:$D$369,$D58)>1,"Duplicado","Único")) -> Duplicado | G58: =IF(TRIM(Base_Original!D58)="","",SUBSTITUTE(TRIM(Base_Original!D58),"anos","")) -> 61 | H58: =IF($J58="","Vazio",DATEDIF($J58,DATE(2026,9,10),"Y")) -> 61 | I58: =IF(OR(Tabela2[[#This Row],[Idade_Padronizada]]="",Tabela2[[#This Row],[Idade_Validação]]=""),"Vazio",IF(VALUE(Tabela2[[#This Row],[Idade_Padronizada]]&"")=VALUE(Tabela2[[#This Row],[Idade_Validação]]&""),"OK","Diferente")) -> OK | J58: 23928 | K58: Solar do Entardecer | L58: =PROPER(Base_Original!G58) -> Terras Da Tempestade | M58: 22900 | N58: =IF(ISNUMBER(Base_Original!I58),Base_Original!I58,IF(RIGHT(Base_Original!I58,7)=" moedas",VALUE(LEFT(Base_Original!I58,LEN(Base_Original!I58)-7)),Base_Original!I58)) -> 7500 | O58: =IF(AND($N58>50000,$Q58="Sim"),"Negada","Aprovada") -> Aprovada | P58: =IF(AND($T58="Negada",$O58="Negada"),0,IF($B58="Ativo",$U58*8%,"0")) -> 2640 | Q58: =IF(OR(Base_Original!J58="Sim",Base_Original!J58="sim",Base_Original!J58="SIM"),"Sim",IF(OR(Base_Original!J58="Não",Base_Original!J58="não",Base_Original!J58="NÃO",Base_Original!J58="Nao"),"Não",IF(Base_Original!J58="","vazio",Base_Original!J58))) -> Não | R58: =IF(ISNUMBER(Base_Original!K58),Base_Original!K58,IF(RIGHT(Base_Original!K58,9)=" batalhas",VALUE(LEFT(Base_Original!K58,LEN(Base_Original!K58)-9)),Base_Original!K58)) -> 12 | S58: =IF($R58="vazio","vazio",IF($R58<=10,"Baixo",IF($R58<=25,"Médio","Alto"))) -> Médio | T58: =IF(AND($S58="Alto",$Q58="Sim"),"Negada","Aprovada") -> Aprovada | U58: 33000
A59: SOL058 | B59: =IF(Base_Original!A59="","vazio",IF(Base_Original!A59="ATIVO","Ativo",IF(Base_Original!A59="INATIVO","Inativo",Base_Original!A59))) -> Ativo | C59: =PROPER(Base_Original!B59) -> Bronn Stark | D59: 000.000.313-00 | E59: =IF($D59="","Vazio",IF(LEN(SUBSTITUTE(SUBSTITUTE($D59&"",".",""),"-",""))<>11,"Inválido","OK")) -> OK | F59: =IF($D59="","Vazio",IF(COUNTIF($D$2:$D$369,$D59)>1,"Duplicado","Único")) -> Único | G59: =IF(TRIM(Base_Original!D59)="","",SUBSTITUTE(TRIM(Base_Original!D59),"anos","")) -> 30 | H59: =IF($J59="","Vazio",DATEDIF($J59,DATE(2026,9,10),"Y")) -> 30 | I59: =IF(OR(Tabela2[[#This Row],[Idade_Padronizada]]="",Tabela2[[#This Row],[Idade_Validação]]=""),"Vazio",IF(VALUE(Tabela2[[#This Row],[Idade_Padronizada]]&"")=VALUE(Tabela2[[#This Row],[Idade_Validação]]&""),"OK","Diferente")) -> OK | J59: 35180 | K59: Ilha dos Ursos | L59: =PROPER(Base_Original!G59) -> Norte | M59: 13800 | N59: =IF(ISNUMBER(Base_Original!I59),Base_Original!I59,IF(RIGHT(Base_Original!I59,7)=" moedas",VALUE(LEFT(Base_Original!I59,LEN(Base_Original!I59)-7)),Base_Original!I59)) -> 42000 | O59: =IF(AND($N59>50000,$Q59="Sim"),"Negada","Aprovada") -> Aprovada | P59: =IF(AND($T59="Negada",$O59="Negada"),0,IF($B59="Ativo",$U59*8%,"0")) -> 560 | Q59: =IF(OR(Base_Original!J59="Sim",Base_Original!J59="sim",Base_Original!J59="SIM"),"Sim",IF(OR(Base_Original!J59="Não",Base_Original!J59="não",Base_Original!J59="NÃO",Base_Original!J59="Nao"),"Não",IF(Base_Original!J59="","vazio",Base_Original!J59))) -> vazio | R59: =IF(ISNUMBER(Base_Original!K59),Base_Original!K59,IF(RIGHT(Base_Original!K59,9)=" batalhas",VALUE(LEFT(Base_Original!K59,LEN(Base_Original!K59)-9)),Base_Original!K59)) -> 29 | S59: =IF($R59="vazio","vazio",IF($R59<=10,"Baixo",IF($R59<=25,"Médio","Alto"))) -> Alto | T59: =IF(AND($S59="Alto",$Q59="Sim"),"Negada","Aprovada") -> Aprovada | U59: 7000
A60: SOL059 | B60: =IF(Base_Original!A60="","vazio",IF(Base_Original!A60="ATIVO","Ativo",IF(Base_Original!A60="INATIVO","Inativo",Base_Original!A60))) -> vazio | C60: =PROPER(Base_Original!B60) -> Bronn Umber | D60: 000.000.177-00 | E60: =IF($D60="","Vazio",IF(LEN(SUBSTITUTE(SUBSTITUTE($D60&"",".",""),"-",""))<>11,"Inválido","OK")) -> OK | F60: =IF($D60="","Vazio",IF(COUNTIF($D$2:$D$369,$D60)>1,"Duplicado","Único")) -> Único | G60: =IF(TRIM(Base_Original!D60)="","",SUBSTITUTE(TRIM(Base_Original!D60),"anos","")) -> 56 | H60: =IF($J60="","Vazio",DATEDIF($J60,DATE(2026,9,10),"Y")) -> 56 | I60: =IF(OR(Tabela2[[#This Row],[Idade_Padronizada]]="",Tabela2[[#This Row],[Idade_Validação]]=""),"Vazio",IF(VALUE(Tabela2[[#This Row],[Idade_Padronizada]]&"")=VALUE(Tabela2[[#This Row],[Idade_Validação]]&""),"OK","Diferente")) -> OK | J60: 25705 | K60: Porto Real | L60: =PROPER(Base_Original!G60) -> Terras Da Coroa | M60: 11100 | N60: =IF(ISNUMBER(Base_Original!I60),Base_Original!I60,IF(RIGHT(Base_Original!I60,7)=" moedas",VALUE(LEFT(Base_Original!I60,LEN(Base_Original!I60)-7)),Base_Original!I60)) -> 13000 | O60: =IF(AND($N60>50000,$Q60="Sim"),"Negada","Aprovada") -> Aprovada | P60: =IF(AND($T60="Negada",$O60="Negada"),0,IF($B60="Ativo",$U60*8%,"0")) -> 0 | Q60: =IF(OR(Base_Original!J60="Sim",Base_Original!J60="sim",Base_Original!J60="SIM"),"Sim",IF(OR(Base_Original!J60="Não",Base_Original!J60="não",Base_Original!J60="NÃO",Base_Original!J60="Nao"),"Não",IF(Base_Original!J60="","vazio",Base_Original!J60))) -> Não | R60: =IF(ISNUMBER(Base_Original!K60),Base_Original!K60,IF(RIGHT(Base_Original!K60,9)=" batalhas",VALUE(LEFT(Base_Original!K60,LEN(Base_Original!K60)-9)),Base_Original!K60)) -> 38 | S60: =IF($R60="vazio","vazio",IF($R60<=10,"Baixo",IF($R60<=25,"Médio","Alto"))) -> Alto | T60: =IF(AND($S60="Alto",$Q60="Sim"),"Negada","Aprovada") -> Aprovada | U60: 88000
A61: SOL060 | B61: =IF(Base_Original!A61="","vazio",IF(Base_Original!A61="ATIVO","Ativo",IF(Base_Original!A61="INATIVO","Inativo",Base_Original!A61))) -> Ativo | C61: =PROPER(Base_Original!B61) -> Catelyn Dayne | D61: 000.000.213-00 | E61: =IF($D61="","Vazio",IF(LEN(SUBSTITUTE(SUBSTITUTE($D61&"",".",""),"-",""))<>11,"Inválido","OK")) -> OK | F61: =IF($D61="","Vazio",IF(COUNTIF($D$2:$D$369,$D61)>1,"Duplicado","Único")) -> Único | G61: =IF(TRIM(Base_Original!D61)="","",SUBSTITUTE(TRIM(Base_Original!D61),"anos","")) -> 68 | H61: =IF($J61="","Vazio",DATEDIF($J61,DATE(2026,9,10),"Y")) -> 68 | I61: =IF(OR(Tabela2[[#This Row],[Idade_Padronizada]]="",Tabela2[[#This Row],[Idade_Validação]]=""),"Vazio",IF(VALUE(Tabela2[[#This Row],[Idade_Padronizada]]&"")=VALUE(Tabela2[[#This Row],[Idade_Validação]]&""),"OK","Diferente")) -> OK | J61: 21145 | K61: Ponta Tempestade | L61: =PROPER(Base_Original!G61) -> Terras Da Tempestade | M61: 24500 | N61: =IF(ISNUMBER(Base_Original!I61),Base_Original!I61,IF(RIGHT(Base_Original!I61,7)=" moedas",VALUE(LEFT(Base_Original!I61,LEN(Base_Original!I61)-7)),Base_Original!I61)) -> 16500 | O61: =IF(AND($N61>50000,$Q61="Sim"),"Negada","Aprovada") -> Aprovada | P61: =IF(AND($T61="Negada",$O61="Negada"),0,IF($B61="Ativo",$U61*8%,"0")) -> 2760 | Q61: =IF(OR(Base_Original!J61="Sim",Base_Original!J61="sim",Base_Original!J61="SIM"),"Sim",IF(OR(Base_Original!J61="Não",Base_Original!J61="não",Base_Original!J61="NÃO",Base_Original!J61="Nao"),"Não",IF(Base_Original!J61="","vazio",Base_Original!J61))) -> Não | R61: =IF(ISNUMBER(Base_Original!K61),Base_Original!K61,IF(RIGHT(Base_Original!K61,9)=" batalhas",VALUE(LEFT(Base_Original!K61,LEN(Base_Original!K61)-9)),Base_Original!K61)) -> 22 | S61: =IF($R61="vazio","vazio",IF($R61<=10,"Baixo",IF($R61<=25,"Médio","Alto"))) -> Médio | T61: =IF(AND($S61="Alto",$Q61="Sim"),"Negada","Aprovada") -> Aprovada | U61: 34500
A62: SOL061 | B62: =IF(Base_Original!A62="","vazio",IF(Base_Original!A62="ATIVO","Ativo",IF(Base_Original!A62="INATIVO","Inativo",Base_Original!A62))) -> Ativo | C62: =PROPER(Base_Original!B62) -> Catelyn Cerwyn | D62: 000.000.308-00 | E62: =IF($D62="","Vazio",IF(LEN(SUBSTITUTE(SUBSTITUTE($D62&"",".",""),"-",""))<>11,"Inválido","OK")) -> OK | F62: =IF($D62="","Vazio",IF(COUNTIF($D$2:$D$369,$D62)>1,"Duplicado","Único")) -> Único | G62: =IF(TRIM(Base_Original!D62)="","",SUBSTITUTE(TRIM(Base_Original!D62),"anos","")) -> 60 | H62: =IF($J62="","Vazio",DATEDIF($J62,DATE(2026,9,10),"Y")) -> 60 | I62: =IF(OR(Tabela2[[#This Row],[Idade_Padronizada]]="",Tabela2[[#This Row],[Idade_Validação]]=""),"Vazio",IF(VALUE(Tabela2[[#This Row],[Idade_Padronizada]]&"")=VALUE(Tabela2[[#This Row],[Idade_Validação]]&""),"OK","Diferente")) -> OK | J62: 24082 | K62: Atalaia da Água Cinzenta | L62: =PROPER(Base_Original!G62) -> Gargalo | M62: 13800 | N62: =IF(ISNUMBER(Base_Original!I62),Base_Original!I62,IF(RIGHT(Base_Original!I62,7)=" moedas",VALUE(LEFT(Base_Original!I62,LEN(Base_Original!I62)-7)),Base_Original!I62)) -> 45500 | O62: =IF(AND($N62>50000,$Q62="Sim"),"Negada","Aprovada") -> Aprovada | P62: =IF(AND($T62="Negada",$O62="Negada"),0,IF($B62="Ativo",$U62*8%,"0")) -> 1400 | Q62: =IF(OR(Base_Original!J62="Sim",Base_Original!J62="sim",Base_Original!J62="SIM"),"Sim",IF(OR(Base_Original!J62="Não",Base_Original!J62="não",Base_Original!J62="NÃO",Base_Original!J62="Nao"),"Não",IF(Base_Original!J62="","vazio",Base_Original!J62))) -> Não | R62: =IF(ISNUMBER(Base_Original!K62),Base_Original!K62,IF(RIGHT(Base_Original!K62,9)=" batalhas",VALUE(LEFT(Base_Original!K62,LEN(Base_Original!K62)-9)),Base_Original!K62)) -> 30 | S62: =IF($R62="vazio","vazio",IF($R62<=10,"Baixo",IF($R62<=25,"Médio","Alto"))) -> Alto | T62: =IF(AND($S62="Alto",$Q62="Sim"),"Negada","Aprovada") -> Aprovada | U62: 17500
A63: SOL062 | B63: =IF(Base_Original!A63="","vazio",IF(Base_Original!A63="ATIVO","Ativo",IF(Base_Original!A63="INATIVO","Inativo",Base_Original!A63))) -> Ativo | C63: =PROPER(Base_Original!B63) -> Catelyn Lannister | D63: 000.000.110-00 | E63: =IF($D63="","Vazio",IF(LEN(SUBSTITUTE(SUBSTITUTE($D63&"",".",""),"-",""))<>11,"Inválido","OK")) -> OK | F63: =IF($D63="","Vazio",IF(COUNTIF($D$2:$D$369,$D63)>1,"Duplicado","Único")) -> Único | G63: =IF(TRIM(Base_Original!D63)="","",SUBSTITUTE(TRIM(Base_Original!D63),"anos","")) -> 33 | H63: =IF($J63="","Vazio",DATEDIF($J63,DATE(2026,9,10),"Y")) -> 33 | I63: =IF(OR(Tabela2[[#This Row],[Idade_Padronizada]]="",Tabela2[[#This Row],[Idade_Validação]]=""),"Vazio",IF(VALUE(Tabela2[[#This Row],[Idade_Padronizada]]&"")=VALUE(Tabela2[[#This Row],[Idade_Validação]]&""),"OK","Diferente")) -> OK | J63: 34070 | K63: Solar do Entardecer | L63: =PROPER(Base_Original!G63) -> Terras Da Tempestade | M63: 29300 | N63: =IF(ISNUMBER(Base_Original!I63),Base_Original!I63,IF(RIGHT(Base_Original!I63,7)=" moedas",VALUE(LEFT(Base_Original!I63,LEN(Base_Original!I63)-7)),Base_Original!I63)) -> 69000 | O63: =IF(AND($N63>50000,$Q63="Sim"),"Negada","Aprovada") -> Negada | P63: =IF(AND($T63="Negada",$O63="Negada"),0,IF($B63="Ativo",$U63*8%,"0")) -> 360 | Q63: =IF(OR(Base_Original!J63="Sim",Base_Original!J63="sim",Base_Original!J63="SIM"),"Sim",IF(OR(Base_Original!J63="Não",Base_Original!J63="não",Base_Original!J63="NÃO",Base_Original!J63="Nao"),"Não",IF(Base_Original!J63="","vazio",Base_Original!J63))) -> Sim | R63: =IF(ISNUMBER(Base_Original!K63),Base_Original!K63,IF(RIGHT(Base_Original!K63,9)=" batalhas",VALUE(LEFT(Base_Original!K63,LEN(Base_Original!K63)-9)),Base_Original!K63)) -> 0 | S63: =IF($R63="vazio","vazio",IF($R63<=10,"Baixo",IF($R63<=25,"Médio","Alto"))) -> Baixo | T63: =IF(AND($S63="Alto",$Q63="Sim"),"Negada","Aprovada") -> Aprovada | U63: 4500
A64: SOL063 | B64: =IF(Base_Original!A64="","vazio",IF(Base_Original!A64="ATIVO","Ativo",IF(Base_Original!A64="INATIVO","Inativo",Base_Original!A64))) -> Ativo | C64: =PROPER(Base_Original!B64) -> Catelyn Mallister | D64: 000.000.062-00 | E64: =IF($D64="","Vazio",IF(LEN(SUBSTITUTE(SUBSTITUTE($D64&"",".",""),"-",""))<>11,"Inválido","OK")) -> OK | F64: =IF($D64="","Vazio",IF(COUNTIF($D$2:$D$369,$D64)>1,"Duplicado","Único")) -> Único | G64: =IF(TRIM(Base_Original!D64)="","",SUBSTITUTE(TRIM(Base_Original!D64),"anos","")) -> 63 | H64: =IF($J64="","Vazio",DATEDIF($J64,DATE(2026,9,10),"Y")) -> 63 | I64: =IF(OR(Tabela2[[#This Row],[Idade_Padronizada]]="",Tabela2[[#This Row],[Idade_Validação]]=""),"Vazio",IF(VALUE(Tabela2[[#This Row],[Idade_Padronizada]]&"")=VALUE(Tabela2[[#This Row],[Idade_Validação]]&""),"OK","Diferente")) -> OK | J64: 23006 | K64: Castelo Negro | Norte | L64: =PROPER(Base_Original!G64) | M64: 11200 | N64: vazio | O64: =IF(AND($N64>50000,$Q64="Sim"),"Negada","Aprovada") -> Aprovada | P64: =IF(AND($T64="Negada",$O64="Negada"),0,IF($B64="Ativo",$U64*8%,"0")) -> 6680 | Q64: =IF(OR(Base_Original!J64="Sim",Base_Original!J64="sim",Base_Original!J64="SIM"),"Sim",IF(OR(Base_Original!J64="Não",Base_Original!J64="não",Base_Original!J64="NÃO",Base_Original!J64="Nao"),"Não",IF(Base_Original!J64="","vazio",Base_Original!J64))) -> vazio | R64: =IF(ISNUMBER(Base_Original!K64),Base_Original!K64,IF(RIGHT(Base_Original!K64,9)=" batalhas",VALUE(LEFT(Base_Original!K64,LEN(Base_Original!K64)-9)),Base_Original!K64)) -> 41 | S64: =IF($R64="vazio","vazio",IF($R64<=10,"Baixo",IF($R64<=25,"Médio","Alto"))) -> Alto | T64: =IF(AND($S64="Alto",$Q64="Sim"),"Negada","Aprovada") -> Aprovada | U64: 83500
A65: SOL064 | B65: =IF(Base_Original!A65="","vazio",IF(Base_Original!A65="ATIVO","Ativo",IF(Base_Original!A65="INATIVO","Inativo",Base_Original!A65))) -> Ativo | C65: =PROPER(Base_Original!B65) -> Catelyn Tarly | D65: 16300 | E65: =IF($D65="","Vazio",IF(LEN(SUBSTITUTE(SUBSTITUTE($D65&"",".",""),"-",""))<>11,"Inválido","OK")) -> Inválido | F65: =IF($D65="","Vazio",IF(COUNTIF($D$2:$D$369,$D65)>1,"Duplicado","Único")) -> Único | G65: =IF(TRIM(Base_Original!D65)="","",SUBSTITUTE(TRIM(Base_Original!D65),"anos","")) -> 27 | H65: =IF($J65="","Vazio",DATEDIF($J65,DATE(2026,9,10),"Y")) -> 27 | I65: =IF(OR(Tabela2[[#This Row],[Idade_Padronizada]]="",Tabela2[[#This Row],[Idade_Validação]]=""),"Vazio",IF(VALUE(Tabela2[[#This Row],[Idade_Padronizada]]&"")=VALUE(Tabela2[[#This Row],[Idade_Validação]]&""),"OK","Diferente")) -> OK | J65: 36255 | K65: Castelo Negro | L65: =PROPER(Base_Original!G65) -> Norte | M65: 14000 | N65: =IF(ISNUMBER(Base_Original!I65),Base_Original!I65,IF(RIGHT(Base_Original!I65,7)=" moedas",VALUE(LEFT(Base_Original!I65,LEN(Base_Original!I65)-7)),Base_Original!I65)) -> 63500 | O65: =IF(AND($N65>50000,$Q65="Sim"),"Negada","Aprovada") -> Aprovada | P65: =IF(AND($T65="Negada",$O65="Negada"),0,IF($B65="Ativo",$U65*8%,"0")) -> 6960 | Q65: =IF(OR(Base_Original!J65="Sim",Base_Original!J65="sim",Base_Original!J65="SIM"),"Sim",IF(OR(Base_Original!J65="Não",Base_Original!J65="não",Base_Original!J65="NÃO",Base_Original!J65="Nao"),"Não",IF(Base_Original!J65="","vazio",Base_Original!J65))) -> Não | R65: =IF(ISNUMBER(Base_Original!K65),Base_Original!K65,IF(RIGHT(Base_Original!K65,9)=" batalhas",VALUE(LEFT(Base_Original!K65,LEN(Base_Original!K65)-9)),Base_Original!K65)) -> 24 | S65: =IF($R65="vazio","vazio",IF($R65<=10,"Baixo",IF($R65<=25,"Médio","Alto"))) -> Médio | T65: =IF(AND($S65="Alto",$Q65="Sim"),"Negada","Aprovada") -> Aprovada | U65: 87000
A66: SOL065 | B66: =IF(Base_Original!A66="","vazio",IF(Base_Original!A66="ATIVO","Ativo",IF(Base_Original!A66="INATIVO","Inativo",Base_Original!A66))) -> Ativo | C66: =PROPER(Base_Original!B66) -> Catelyn Umber | D66: 9900 | E66: =IF($D66="","Vazio",IF(LEN(SUBSTITUTE(SUBSTITUTE($D66&"",".",""),"-",""))<>11,"Inválido","OK")) -> Inválido | F66: =IF($D66="","Vazio",IF(COUNTIF($D$2:$D$369,$D66)>1,"Duplicado","Único")) -> Único | G66: =IF(TRIM(Base_Original!D66)="","",SUBSTITUTE(TRIM(Base_Original!D66),"anos","")) -> 64 | H66: =IF($J66="","Vazio",DATEDIF($J66,DATE(2026,9,10),"Y")) -> 64 | I66: =IF(OR(Tabela2[[#This Row],[Idade_Padronizada]]="",Tabela2[[#This Row],[Idade_Validação]]=""),"Vazio",IF(VALUE(Tabela2[[#This Row],[Idade_Padronizada]]&"")=VALUE(Tabela2[[#This Row],[Idade_Validação]]&""),"OK","Diferente")) -> OK | J66: 22828 | K66: Harrenhal | L66: =PROPER(Base_Original!G66) -> Terras Fluviais | M66: 2900 | N66: =IF(ISNUMBER(Base_Original!I66),Base_Original!I66,IF(RIGHT(Base_Original!I66,7)=" moedas",VALUE(LEFT(Base_Original!I66,LEN(Base_Original!I66)-7)),Base_Original!I66)) -> 76000 | O66: =IF(AND($N66>50000,$Q66="Sim"),"Negada","Aprovada") -> Aprovada | P66: =IF(AND($T66="Negada",$O66="Negada"),0,IF($B66="Ativo",$U66*8%,"0")) -> 5800 | Q66: =IF(OR(Base_Original!J66="Sim",Base_Original!J66="sim",Base_Original!J66="SIM"),"Sim",IF(OR(Base_Original!J66="Não",Base_Original!J66="não",Base_Original!J66="NÃO",Base_Original!J66="Nao"),"Não",IF(Base_Original!J66="","vazio",Base_Original!J66))) -> Não | R66: =IF(ISNUMBER(Base_Original!K66),Base_Original!K66,IF(RIGHT(Base_Original!K66,9)=" batalhas",VALUE(LEFT(Base_Original!K66,LEN(Base_Original!K66)-9)),Base_Original!K66)) -> 32 | S66: =IF($R66="vazio","vazio",IF($R66<=10,"Baixo",IF($R66<=25,"Médio","Alto"))) -> Alto | T66: =IF(AND($S66="Alto",$Q66="Sim"),"Negada","Aprovada") -> Aprovada | U66: 72500
A67: SOL066 | B67: =IF(Base_Original!A67="","vazio",IF(Base_Original!A67="ATIVO","Ativo",IF(Base_Original!A67="INATIVO","Inativo",Base_Original!A67))) -> Ativo | C67: =PROPER(Base_Original!B67) -> Catelyn Westerling | D67: 35800 | E67: =IF($D67="","Vazio",IF(LEN(SUBSTITUTE(SUBSTITUTE($D67&"",".",""),"-",""))<>11,"Inválido","OK")) -> Inválido | F67: =IF($D67="","Vazio",IF(COUNTIF($D$2:$D$369,$D67)>1,"Duplicado","Único")) -> Único | G67: =IF(TRIM(Base_Original!D67)="","",SUBSTITUTE(TRIM(Base_Original!D67),"anos","")) -> 70 | H67: =IF($J67="","Vazio",DATEDIF($J67,DATE(2026,9,10),"Y")) -> 70 | I67: =IF(OR(Tabela2[[#This Row],[Idade_Padronizada]]="",Tabela2[[#This Row],[Idade_Validação]]=""),"Vazio",IF(VALUE(Tabela2[[#This Row],[Idade_Padronizada]]&"")=VALUE(Tabela2[[#This Row],[Idade_Validação]]&""),"OK","Diferente")) -> OK | J67: 20515 | K67: Braavos | L67: =PROPER(Base_Original!G67) -> Essos | M67: 19500 | N67: =IF(ISNUMBER(Base_Original!I67),Base_Original!I67,IF(RIGHT(Base_Original!I67,7)=" moedas",VALUE(LEFT(Base_Original!I67,LEN(Base_Original!I67)-7)),Base_Original!I67)) -> 62000 | O67: =IF(AND($N67>50000,$Q67="Sim"),"Negada","Aprovada") -> Negada | P67: =IF(AND($T67="Negada",$O67="Negada"),0,IF($B67="Ativo",$U67*8%,"0")) -> 0 | Q67: =IF(OR(Base_Original!J67="Sim",Base_Original!J67="sim",Base_Original!J67="SIM"),"Sim",IF(OR(Base_Original!J67="Não",Base_Original!J67="não",Base_Original!J67="NÃO",Base_Original!J67="Nao"),"Não",IF(Base_Original!J67="","vazio",Base_Original!J67))) -> Sim | R67: =IF(ISNUMBER(Base_Original!K67),Base_Original!K67,IF(RIGHT(Base_Original!K67,9)=" batalhas",VALUE(LEFT(Base_Original!K67,LEN(Base_Original!K67)-9)),Base_Original!K67)) -> 45 | S67: =IF($R67="vazio","vazio",IF($R67<=10,"Baixo",IF($R67<=25,"Médio","Alto"))) -> Alto | T67: =IF(AND($S67="Alto",$Q67="Sim"),"Negada","Aprovada") -> Negada | U67: 35500
A68: SOL067 | B68: =IF(Base_Original!A68="","vazio",IF(Base_Original!A68="ATIVO","Ativo",IF(Base_Original!A68="INATIVO","Inativo",Base_Original!A68))) -> Ativoo | C68: =PROPER(Base_Original!B68) -> Catelyn Yronwood | D68: 000.000.226-00 | E68: =IF($D68="","Vazio",IF(LEN(SUBSTITUTE(SUBSTITUTE($D68&"",".",""),"-",""))<>11,"Inválido","OK")) -> OK | F68: =IF($D68="","Vazio",IF(COUNTIF($D$2:$D$369,$D68)>1,"Duplicado","Único")) -> Único | G68: =IF(TRIM(Base_Original!D68)="","",SUBSTITUTE(TRIM(Base_Original!D68),"anos","")) -> 38 | H68: =IF($J68="","Vazio",DATEDIF($J68,DATE(2026,9,10),"Y")) -> 38 | I68: =IF(OR(Tabela2[[#This Row],[Idade_Padronizada]]="",Tabela2[[#This Row],[Idade_Validação]]=""),"Vazio",IF(VALUE(Tabela2[[#This Row],[Idade_Padronizada]]&"")=VALUE(Tabela2[[#This Row],[Idade_Validação]]&""),"OK","Diferente")) -> OK | J68: 32166 | K68: Castelo Negro | L68: =PROPER(Base_Original!G68) -> Norte | M68: 19500 | N68: =IF(ISNUMBER(Base_Original!I68),Base_Original!I68,IF(RIGHT(Base_Original!I68,7)=" moedas",VALUE(LEFT(Base_Original!I68,LEN(Base_Original!I68)-7)),Base_Original!I68)) -> 39000 | O68: =IF(AND($N68>50000,$Q68="Sim"),"Negada","Aprovada") -> Aprovada | P68: =IF(AND($T68="Negada",$O68="Negada"),0,IF($B68="Ativo",$U68*8%,"0")) -> 0 | Q68: =IF(OR(Base_Original!J68="Sim",Base_Original!J68="sim",Base_Original!J68="SIM"),"Sim",IF(OR(Base_Original!J68="Não",Base_Original!J68="não",Base_Original!J68="NÃO",Base_Original!J68="Nao"),"Não",IF(Base_Original!J68="","vazio",Base_Original!J68))) -> Não | R68: =IF(ISNUMBER(Base_Original!K68),Base_Original!K68,IF(RIGHT(Base_Original!K68,9)=" batalhas",VALUE(LEFT(Base_Original!K68,LEN(Base_Original!K68)-9)),Base_Original!K68)) -> 25 | S68: =IF($R68="vazio","vazio",IF($R68<=10,"Baixo",IF($R68<=25,"Médio","Alto"))) -> Médio | T68: =IF(AND($S68="Alto",$Q68="Sim"),"Negada","Aprovada") -> Aprovada | U68: 88500
A69: SOL068 | B69: =IF(Base_Original!A69="","vazio",IF(Base_Original!A69="ATIVO","Ativo",IF(Base_Original!A69="INATIVO","Inativo",Base_Original!A69))) -> Inativo | C69: =PROPER(Base_Original!B69) -> Cersei Marbrand | D69: 000.000.158-00 | E69: =IF($D69="","Vazio",IF(LEN(SUBSTITUTE(SUBSTITUTE($D69&"",".",""),"-",""))<>11,"Inválido","OK")) -> OK | F69: =IF($D69="","Vazio",IF(COUNTIF($D$2:$D$369,$D69)>1,"Duplicado","Único")) -> Único | G69: =IF(TRIM(Base_Original!D69)="","",SUBSTITUTE(TRIM(Base_Original!D69),"anos","")) -> 57 | H69: =IF($J69="","Vazio",DATEDIF($J69,DATE(2026,9,10),"Y")) -> 57 | I69: =IF(OR(Tabela2[[#This Row],[Idade_Padronizada]]="",Tabela2[[#This Row],[Idade_Validação]]=""),"Vazio",IF(VALUE(Tabela2[[#This Row],[Idade_Padronizada]]&"")=VALUE(Tabela2[[#This Row],[Idade_Validação]]&""),"OK","Diferente")) -> OK | J69: 25324 | K69: Ilha dos Ursos | L69: =PROPER(Base_Original!G69) -> Norte | M69: 9500 | N69: =IF(ISNUMBER(Base_Original!I69),Base_Original!I69,IF(RIGHT(Base_Original!I69,7)=" moedas",VALUE(LEFT(Base_Original!I69,LEN(Base_Original!I69)-7)),Base_Original!I69)) -> 58000 | O69: =IF(AND($N69>50000,$Q69="Sim"),"Negada","Aprovada") -> Aprovada | P69: =IF(AND($T69="Negada",$O69="Negada"),0,IF($B69="Ativo",$U69*8%,"0")) -> 0 | Q69: =IF(OR(Base_Original!J69="Sim",Base_Original!J69="sim",Base_Original!J69="SIM"),"Sim",IF(OR(Base_Original!J69="Não",Base_Original!J69="não",Base_Original!J69="NÃO",Base_Original!J69="Nao"),"Não",IF(Base_Original!J69="","vazio",Base_Original!J69))) -> Não | R69: =IF(ISNUMBER(Base_Original!K69),Base_Original!K69,IF(RIGHT(Base_Original!K69,9)=" batalhas",VALUE(LEFT(Base_Original!K69,LEN(Base_Original!K69)-9)),Base_Original!K69)) -> 23 | S69: =IF($R69="vazio","vazio",IF($R69<=10,"Baixo",IF($R69<=25,"Médio","Alto"))) -> Médio | T69: =IF(AND($S69="Alto",$Q69="Sim"),"Negada","Aprovada") -> Aprovada | U69: 81500
A70: SOL069 | B70: =IF(Base_Original!A70="","vazio",IF(Base_Original!A70="ATIVO","Ativo",IF(Base_Original!A70="INATIVO","Inativo",Base_Original!A70))) -> Ativo | C70: =PROPER(Base_Original!B70) -> Cersei Clegane | D70: 000.000.323-00 | E70: =IF($D70="","Vazio",IF(LEN(SUBSTITUTE(SUBSTITUTE($D70&"",".",""),"-",""))<>11,"Inválido","OK")) -> OK | F70: =IF($D70="","Vazio",IF(COUNTIF($D$2:$D$369,$D70)>1,"Duplicado","Único")) -> Único | G70: =IF(TRIM(Base_Original!D70)="","",SUBSTITUTE(TRIM(Base_Original!D70),"anos","")) -> 24 | H70: =IF($J70="","Vazio",DATEDIF($J70,DATE(2026,9,10),"Y")) -> 24 | I70: =IF(OR(Tabela2[[#This Row],[Idade_Padronizada]]="",Tabela2[[#This Row],[Idade_Validação]]=""),"Vazio",IF(VALUE(Tabela2[[#This Row],[Idade_Padronizada]]&"")=VALUE(Tabela2[[#This Row],[Idade_Validação]]&""),"OK","Diferente")) -> OK | J70: 37259 | K70: Dorne | L70: =PROPER(Base_Original!G70) -> Dorne | M70: 25200 | N70: =IF(ISNUMBER(Base_Original!I70),Base_Original!I70,IF(RIGHT(Base_Original!I70,7)=" moedas",VALUE(LEFT(Base_Original!I70,LEN(Base_Original!I70)-7)),Base_Original!I70)) -> 0 | O70: =IF(AND($N70>50000,$Q70="Sim"),"Negada","Aprovada") -> Aprovada | P70: =IF(AND($T70="Negada",$O70="Negada"),0,IF($B70="Ativo",$U70*8%,"0")) -> 5560 | Q70: =IF(OR(Base_Original!J70="Sim",Base_Original!J70="sim",Base_Original!J70="SIM"),"Sim",IF(OR(Base_Original!J70="Não",Base_Original!J70="não",Base_Original!J70="NÃO",Base_Original!J70="Nao"),"Não",IF(Base_Original!J70="","vazio",Base_Original!J70))) -> Não | R70: =IF(ISNUMBER(Base_Original!K70),Base_Original!K70,IF(RIGHT(Base_Original!K70,9)=" batalhas",VALUE(LEFT(Base_Original!K70,LEN(Base_Original!K70)-9)),Base_Original!K70)) -> 10 | S70: =IF($R70="vazio","vazio",IF($R70<=10,"Baixo",IF($R70<=25,"Médio","Alto"))) -> Baixo | T70: =IF(AND($S70="Alto",$Q70="Sim"),"Negada","Aprovada") -> Aprovada | U70: 69500
A71: SOL070 | B71: =IF(Base_Original!A71="","vazio",IF(Base_Original!A71="ATIVO","Ativo",IF(Base_Original!A71="INATIVO","Inativo",Base_Original!A71))) -> Inativo | C71: =PROPER(Base_Original!B71) -> Cersei Glover | D71: 000.000.324-00 | E71: =IF($D71="","Vazio",IF(LEN(SUBSTITUTE(SUBSTITUTE($D71&"",".",""),"-",""))<>11,"Inválido","OK")) -> OK | F71: =IF($D71="","Vazio",IF(COUNTIF($D$2:$D$369,$D71)>1,"Duplicado","Único")) -> Único | G71: =IF(TRIM(Base_Original!D71)="","",SUBSTITUTE(TRIM(Base_Original!D71),"anos","")) -> 49 | H71: =IF($J71="","Vazio",DATEDIF($J71,DATE(2026,9,10),"Y")) -> 49 | I71: =IF(OR(Tabela2[[#This Row],[Idade_Padronizada]]="",Tabela2[[#This Row],[Idade_Validação]]=""),"Vazio",IF(VALUE(Tabela2[[#This Row],[Idade_Padronizada]]&"")=VALUE(Tabela2[[#This Row],[Idade_Validação]]&""),"OK","Diferente")) -> OK | J71: 28286 | K71: Pyke | L71: =PROPER(Base_Original!G71) -> Ilhas De Ferro | M71: 21900 | N71: =IF(ISNUMBER(Base_Original!I71),Base_Original!I71,IF(RIGHT(Base_Original!I71,7)=" moedas",VALUE(LEFT(Base_Original!I71,LEN(Base_Original!I71)-7)),Base_Original!I71)) -> 69000 | O71: =IF(AND($N71>50000,$Q71="Sim"),"Negada","Aprovada") -> Aprovada | P71: =IF(AND($T71="Negada",$O71="Negada"),0,IF($B71="Ativo",$U71*8%,"0")) -> 0 | Q71: =IF(OR(Base_Original!J71="Sim",Base_Original!J71="sim",Base_Original!J71="SIM"),"Sim",IF(OR(Base_Original!J71="Não",Base_Original!J71="não",Base_Original!J71="NÃO",Base_Original!J71="Nao"),"Não",IF(Base_Original!J71="","vazio",Base_Original!J71))) -> Não | R71: =IF(ISNUMBER(Base_Original!K71),Base_Original!K71,IF(RIGHT(Base_Original!K71,9)=" batalhas",VALUE(LEFT(Base_Original!K71,LEN(Base_Original!K71)-9)),Base_Original!K71)) -> 4 | S71: =IF($R71="vazio","vazio",IF($R71<=10,"Baixo",IF($R71<=25,"Médio","Alto"))) -> Baixo | T71: =IF(AND($S71="Alto",$Q71="Sim"),"Negada","Aprovada") -> Aprovada | U71: 80500
A72: SOL071 | B72: =IF(Base_Original!A72="","vazio",IF(Base_Original!A72="ATIVO","Ativo",IF(Base_Original!A72="INATIVO","Inativo",Base_Original!A72))) -> Ativo | C72: =PROPER(Base_Original!B72) -> Cersei Greyjoy | D72: 000.000.265-00 | E72: =IF($D72="","Vazio",IF(LEN(SUBSTITUTE(SUBSTITUTE($D72&"",".",""),"-",""))<>11,"Inválido","OK")) -> OK | F72: =IF($D72="","Vazio",IF(COUNTIF($D$2:$D$369,$D72)>1,"Duplicado","Único")) -> Único | G72: =IF(TRIM(Base_Original!D72)="","",SUBSTITUTE(TRIM(Base_Original!D72),"anos","")) -> 47 | H72: =IF($J72="","Vazio",DATEDIF($J72,DATE(2026,9,10),"Y")) -> 47 | I72: =IF(OR(Tabela2[[#This Row],[Idade_Padronizada]]="",Tabela2[[#This Row],[Idade_Validação]]=""),"Vazio",IF(VALUE(Tabela2[[#This Row],[Idade_Padronizada]]&"")=VALUE(Tabela2[[#This Row],[Idade_Validação]]&""),"OK","Diferente")) -> OK | J72: 28841 | K72: Dorne | L72: =PROPER(Base_Original!G72) -> Dorne | M72: 21300 | N72: =IF(ISNUMBER(Base_Original!I72),Base_Original!I72,IF(RIGHT(Base_Original!I72,7)=" moedas",VALUE(LEFT(Base_Original!I72,LEN(Base_Original!I72)-7)),Base_Original!I72)) -> 62000 | O72: =IF(AND($N72>50000,$Q72="Sim"),"Negada","Aprovada") -> Negada | P72: =IF(AND($T72="Negada",$O72="Negada"),0,IF($B72="Ativo",$U72*8%,"0")) -> 0 | Q72: =IF(OR(Base_Original!J72="Sim",Base_Original!J72="sim",Base_Original!J72="SIM"),"Sim",IF(OR(Base_Original!J72="Não",Base_Original!J72="não",Base_Original!J72="NÃO",Base_Original!J72="Nao"),"Não",IF(Base_Original!J72="","vazio",Base_Original!J72))) -> Sim | R72: =IF(ISNUMBER(Base_Original!K72),Base_Original!K72,IF(RIGHT(Base_Original!K72,9)=" batalhas",VALUE(LEFT(Base_Original!K72,LEN(Base_Original!K72)-9)),Base_Original!K72)) -> 37 | S72: =IF($R72="vazio","vazio",IF($R72<=10,"Baixo",IF($R72<=25,"Médio","Alto"))) -> Alto | T72: =IF(AND($S72="Alto",$Q72="Sim"),"Negada","Aprovada") -> Negada | U72: 92500
A73: SOL072 | B73: =IF(Base_Original!A73="","vazio",IF(Base_Original!A73="ATIVO","Ativo",IF(Base_Original!A73="INATIVO","Inativo",Base_Original!A73))) -> Ativo | C73: =PROPER(Base_Original!B73) -> Cersei Stark | D73: 000.000.293-00 | E73: =IF($D73="","Vazio",IF(LEN(SUBSTITUTE(SUBSTITUTE($D73&"",".",""),"-",""))<>11,"Inválido","OK")) -> OK | F73: =IF($D73="","Vazio",IF(COUNTIF($D$2:$D$369,$D73)>1,"Duplicado","Único")) -> Único | G73: =IF(TRIM(Base_Original!D73)="","",SUBSTITUTE(TRIM(Base_Original!D73),"anos","")) -> 25 | H73: =IF($J73="","Vazio",DATEDIF($J73,DATE(2026,9,10),"Y")) -> 25 | I73: =IF(OR(Tabela2[[#This Row],[Idade_Padronizada]]="",Tabela2[[#This Row],[Idade_Validação]]=""),"Vazio",IF(VALUE(Tabela2[[#This Row],[Idade_Padronizada]]&"")=VALUE(Tabela2[[#This Row],[Idade_Validação]]&""),"OK","Diferente")) -> OK | J73: 37091 | K73: Ninho da Águia | L73: =PROPER(Base_Original!G73) -> Vale | M73: 28800 | N73: vazio | O73: =IF(AND($N73>50000,$Q73="Sim"),"Negada","Aprovada") -> Aprovada | P73: =IF(AND($T73="Negada",$O73="Negada"),0,IF($B73="Ativo",$U73*8%,"0")) -> 3720 | Q73: =IF(OR(Base_Original!J73="Sim",Base_Original!J73="sim",Base_Original!J73="SIM"),"Sim",IF(OR(Base_Original!J73="Não",Base_Original!J73="não",Base_Original!J73="NÃO",Base_Original!J73="Nao"),"Não",IF(Base_Original!J73="","vazio",Base_Original!J73))) -> Não | R73: =IF(ISNUMBER(Base_Original!K73),Base_Original!K73,IF(RIGHT(Base_Original!K73,9)=" batalhas",VALUE(LEFT(Base_Original!K73,LEN(Base_Original!K73)-9)),Base_Original!K73)) -> 12 | S73: =IF($R73="vazio","vazio",IF($R73<=10,"Baixo",IF($R73<=25,"Médio","Alto"))) -> Médio | T73: =IF(AND($S73="Alto",$Q73="Sim"),"Negada","Aprovada") -> Aprovada | U73: 46500
A74: SOL073 | B74: =IF(Base_Original!A75="","vazio",IF(Base_Original!A75="ATIVO","Ativo",IF(Base_Original!A75="INATIVO","Inativo",Base_Original!A75))) -> Inativo | C74: =PROPER(Base_Original!B75) -> Cersei Tarth | D74: 000.000.147-00 | E74: =IF($D74="","Vazio",IF(LEN(SUBSTITUTE(SUBSTITUTE($D74&"",".",""),"-",""))<>11,"Inválido","OK")) -> OK | F74: =IF($D74="","Vazio",IF(COUNTIF($D$2:$D$369,$D74)>1,"Duplicado","Único")) -> Único | G74: =IF(TRIM(Base_Original!D74)="","",SUBSTITUTE(TRIM(Base_Original!D74),"anos","")) -> 46 | H74: =IF($J74="","Vazio",DATEDIF($J74,DATE(2026,9,10),"Y")) -> 46 | I74: =IF(OR(Tabela2[[#This Row],[Idade_Padronizada]]="",Tabela2[[#This Row],[Idade_Validação]]=""),"Vazio",IF(VALUE(Tabela2[[#This Row],[Idade_Padronizada]]&"")=VALUE(Tabela2[[#This Row],[Idade_Validação]]&""),"OK","Diferente")) -> OK | J74: 29427 | K74: Ilha dos Ursos | L74: =PROPER(Base_Original!G74) -> Terras Fluviais | M74: vazio | N74: =IF(ISNUMBER(Base_Original!I75),Base_Original!I75,IF(RIGHT(Base_Original!I75,7)=" moedas",VALUE(LEFT(Base_Original!I75,LEN(Base_Original!I75)-7)),Base_Original!I75)) -> 37500 | O74: =IF(AND($N74>50000,$Q74="Sim"),"Negada","Aprovada") -> Aprovada | P74: =IF(AND($T74="Negada",$O74="Negada"),0,IF($B74="Ativo",$U74*8%,"0")) -> 0 | Q74: =IF(OR(Base_Original!J75="Sim",Base_Original!J75="sim",Base_Original!J75="SIM"),"Sim",IF(OR(Base_Original!J75="Não",Base_Original!J75="não",Base_Original!J75="NÃO",Base_Original!J75="Nao"),"Não",IF(Base_Original!J75="","vazio",Base_Original!J75))) -> Não | R74: vazio | S74: =IF($R74="vazio","vazio",IF($R74<=10,"Baixo",IF($R74<=25,"Médio","Alto"))) -> vazio | T74: =IF(AND($S74="Alto",$Q74="Sim"),"Negada","Aprovada") -> Aprovada | U74: 34500
A75: SOL074 | B75: =IF(Base_Original!A74="","vazio",IF(Base_Original!A74="ATIVO","Ativo",IF(Base_Original!A74="INATIVO","Inativo",Base_Original!A74))) -> Inativo | C75: =PROPER(Base_Original!B74) -> Cersei Tarth | D75: 20300 | E75: =IF($D75="","Vazio",IF(LEN(SUBSTITUTE(SUBSTITUTE($D75&"",".",""),"-",""))<>11,"Inválido","OK")) -> Inválido | F75: =IF($D75="","Vazio",IF(COUNTIF($D$2:$D$369,$D75)>1,"Duplicado","Único")) -> Duplicado | G75: =IF(TRIM(Base_Original!D75)="","",SUBSTITUTE(TRIM(Base_Original!D75),"anos","")) -> 46 | H75: =IF($J75="","Vazio",DATEDIF($J75,DATE(2026,9,10),"Y")) -> 46 | I75: =IF(OR(Tabela2[[#This Row],[Idade_Padronizada]]="",Tabela2[[#This Row],[Idade_Validação]]=""),"Vazio",IF(VALUE(Tabela2[[#This Row],[Idade_Padronizada]]&"")=VALUE(Tabela2[[#This Row],[Idade_Validação]]&""),"OK","Diferente")) -> OK | J75: 29427 | K75: Harrenhal | L75: =PROPER(Base_Original!G76) -> Norte | M75: 7300 | N75: =IF(ISNUMBER(Base_Original!I74),Base_Original!I74,IF(RIGHT(Base_Original!I74,7)=" moedas",VALUE(LEFT(Base_Original!I74,LEN(Base_Original!I74)-7)),Base_Original!I74)) -> 37500 | O75: =IF(AND($N75>50000,$Q75="Sim"),"Negada","Aprovada") -> Aprovada | P75: =IF(AND($T75="Negada",$O75="Negada"),0,IF($B75="Ativo",$U75*8%,"0")) -> 0 | Q75: =IF(OR(Base_Original!J74="Sim",Base_Original!J74="sim",Base_Original!J74="SIM"),"Sim",IF(OR(Base_Original!J74="Não",Base_Original!J74="não",Base_Original!J74="NÃO",Base_Original!J74="Nao"),"Não",IF(Base_Original!J74="","vazio",Base_Original!J74))) -> Não | R75: =IF(ISNUMBER(Base_Original!K74),Base_Original!K74,IF(RIGHT(Base_Original!K74,9)=" batalhas",VALUE(LEFT(Base_Original!K74,LEN(Base_Original!K74)-9)),Base_Original!K74)) -> 0 | S75: =IF($R75="vazio","vazio",IF($R75<=10,"Baixo",IF($R75<=25,"Médio","Alto"))) -> Baixo | T75: =IF(AND($S75="Alto",$Q75="Sim"),"Negada","Aprovada") -> Aprovada | U75: 21500
A76: SOL075 | B76: =IF(Base_Original!A76="","vazio",IF(Base_Original!A76="ATIVO","Ativo",IF(Base_Original!A76="INATIVO","Inativo",Base_Original!A76))) -> Ativo | C76: =PROPER(Base_Original!B76) -> Cersei Tarth | D76: 20300 | E76: =IF($D76="","Vazio",IF(LEN(SUBSTITUTE(SUBSTITUTE($D76&"",".",""),"-",""))<>11,"Inválido","OK")) -> Inválido | F76: =IF($D76="","Vazio",IF(COUNTIF($D$2:$D$369,$D76)>1,"Duplicado","Único")) -> Duplicado | G76: =IF(TRIM(Base_Original!D76)="","",SUBSTITUTE(TRIM(Base_Original!D76),"anos","")) -> 52 | H76: =IF($J76="","Vazio",DATEDIF($J76,DATE(2026,9,10),"Y")) -> 52 | I76: =IF(OR(Tabela2[[#This Row],[Idade_Padronizada]]="",Tabela2[[#This Row],[Idade_Validação]]=""),"Vazio",IF(VALUE(Tabela2[[#This Row],[Idade_Padronizada]]&"")=VALUE(Tabela2[[#This Row],[Idade_Validação]]&""),"OK","Diferente")) -> OK | J76: 26921 | K76: Harrenhal | L76: =PROPER(Base_Original!G75) -> Terras Fluviais | M76: vazio | N76: =IF(ISNUMBER(Base_Original!I76),Base_Original!I76,IF(RIGHT(Base_Original!I76,7)=" moedas",VALUE(LEFT(Base_Original!I76,LEN(Base_Original!I76)-7)),Base_Original!I76)) -> 74000 | O76: =IF(AND($N76>50000,$Q76="Sim"),"Negada","Aprovada") -> Aprovada | P76: =IF(AND($T76="Negada",$O76="Negada"),0,IF($B76="Ativo",$U76*8%,"0")) -> 6160 | Q76: =IF(OR(Base_Original!J76="Sim",Base_Original!J76="sim",Base_Original!J76="SIM"),"Sim",IF(OR(Base_Original!J76="Não",Base_Original!J76="não",Base_Original!J76="NÃO",Base_Original!J76="Nao"),"Não",IF(Base_Original!J76="","vazio",Base_Original!J76))) -> Não | R76: vazio | S76: =IF($R76="vazio","vazio",IF($R76<=10,"Baixo",IF($R76<=25,"Médio","Alto"))) -> vazio | T76: =IF(AND($S76="Alto",$Q76="Sim"),"Negada","Aprovada") -> Aprovada | U76: 77000
A77: SOL076 | B77: =IF(Base_Original!A77="","vazio",IF(Base_Original!A77="ATIVO","Ativo",IF(Base_Original!A77="INATIVO","Inativo",Base_Original!A77))) -> Ativo | C77: =PROPER(Base_Original!B77) -> Cersei Umber | D77: 000.000.058-00 | E77: =IF($D77="","Vazio",IF(LEN(SUBSTITUTE(SUBSTITUTE($D77&"",".",""),"-",""))<>11,"Inválido","OK")) -> OK | F77: =IF($D77="","Vazio",IF(COUNTIF($D$2:$D$369,$D77)>1,"Duplicado","Único")) -> Único | G77: =IF(TRIM(Base_Original!D77)="","",SUBSTITUTE(TRIM(Base_Original!D77),"anos","")) -> 62 | H77: Data de nascimento vazia | I77: Data de nascimento vazia | K77: Jardim de Cima | L77: =PROPER(Base_Original!G77) -> Campina | M77: 1900 | N77: =IF(ISNUMBER(Base_Original!I77),Base_Original!I77,IF(RIGHT(Base_Original!I77,7)=" moedas",VALUE(LEFT(Base_Original!I77,LEN(Base_Original!I77)-7)),Base_Original!I77)) -> 3500 | O77: =IF(AND($N77>50000,$Q77="Sim"),"Negada","Aprovada") -> Aprovada | P77: =IF(AND($T77="Negada",$O77="Negada"),0,IF($B77="Ativo",$U77*8%,"0")) -> 4960 | Q77: =IF(OR(Base_Original!J77="Sim",Base_Original!J77="sim",Base_Original!J77="SIM"),"Sim",IF(OR(Base_Original!J77="Não",Base_Original!J77="não",Base_Original!J77="NÃO",Base_Original!J77="Nao"),"Não",IF(Base_Original!J77="","vazio",Base_Original!J77))) -> Não | R77: =IF(ISNUMBER(Base_Original!K77),Base_Original!K77,IF(RIGHT(Base_Original!K77,9)=" batalhas",VALUE(LEFT(Base_Original!K77,LEN(Base_Original!K77)-9)),Base_Original!K77)) -> 19 | S77: =IF($R77="vazio","vazio",IF($R77<=10,"Baixo",IF($R77<=25,"Médio","Alto"))) -> Médio | T77: =IF(AND($S77="Alto",$Q77="Sim"),"Negada","Aprovada") -> Aprovada | U77: 62000
A78: SOL077 | B78: =IF(Base_Original!A78="","vazio",IF(Base_Original!A78="ATIVO","Ativo",IF(Base_Original!A78="INATIVO","Inativo",Base_Original!A78))) -> Ativo | C78: =PROPER(Base_Original!B78) -> Daario Dayne | D78: 000.000.144-00 | E78: =IF($D78="","Vazio",IF(LEN(SUBSTITUTE(SUBSTITUTE($D78&"",".",""),"-",""))<>11,"Inválido","OK")) -> OK | F78: =IF($D78="","Vazio",IF(COUNTIF($D$2:$D$369,$D78)>1,"Duplicado","Único")) -> Único | G78: =IF(TRIM(Base_Original!D78)="","",SUBSTITUTE(TRIM(Base_Original!D78),"anos","")) -> 25 | H78: =IF($J78="","Vazio",DATEDIF($J78,DATE(2026,9,10),"Y")) -> 25 | I78: =IF(OR(Tabela2[[#This Row],[Idade_Padronizada]]="",Tabela2[[#This Row],[Idade_Validação]]=""),"Vazio",IF(VALUE(Tabela2[[#This Row],[Idade_Padronizada]]&"")=VALUE(Tabela2[[#This Row],[Idade_Validação]]&""),"OK","Diferente")) -> OK | J78: 37026 | K78: Solar do Entardecer | L78: =PROPER(Base_Original!G78) -> Terras Da Tempestade | M78: 28200 | N78: =IF(ISNUMBER(Base_Original!I78),Base_Original!I78,IF(RIGHT(Base_Original!I78,7)=" moedas",VALUE(LEFT(Base_Original!I78,LEN(Base_Original!I78)-7)),Base_Original!I78)) -> 0 | O78: =IF(AND($N78>50000,$Q78="Sim"),"Negada","Aprovada") -> Aprovada | P78: =IF(AND($T78="Negada",$O78="Negada"),0,IF($B78="Ativo",$U78*8%,"0")) -> 7400 | Q78: =IF(OR(Base_Original!J78="Sim",Base_Original!J78="sim",Base_Original!J78="SIM"),"Sim",IF(OR(Base_Original!J78="Não",Base_Original!J78="não",Base_Original!J78="NÃO",Base_Original!J78="Nao"),"Não",IF(Base_Original!J78="","vazio",Base_Original!J78))) -> Não | R78: =IF(ISNUMBER(Base_Original!K78),Base_Original!K78,IF(RIGHT(Base_Original!K78,9)=" batalhas",VALUE(LEFT(Base_Original!K78,LEN(Base_Original!K78)-9)),Base_Original!K78)) -> 29 | S78: =IF($R78="vazio","vazio",IF($R78<=10,"Baixo",IF($R78<=25,"Médio","Alto"))) -> Alto | T78: =IF(AND($S78="Alto",$Q78="Sim"),"Negada","Aprovada") -> Aprovada | U78: 92500
A79: SOL078 | B79: =IF(Base_Original!A79="","vazio",IF(Base_Original!A79="ATIVO","Ativo",IF(Base_Original!A79="INATIVO","Inativo",Base_Original!A79))) -> Inativo | C79: =PROPER(Base_Original!B79) -> Daario Arryn | D79: 000.000.173-00 | E79: =IF($D79="","Vazio",IF(LEN(SUBSTITUTE(SUBSTITUTE($D79&"",".",""),"-",""))<>11,"Inválido","OK")) -> OK | F79: =IF($D79="","Vazio",IF(COUNTIF($D$2:$D$369,$D79)>1,"Duplicado","Único")) -> Único | G79: =IF(TRIM(Base_Original!D79)="","",SUBSTITUTE(TRIM(Base_Original!D79),"anos","")) -> 63 | H79: =IF($J79="","Vazio",DATEDIF($J79,DATE(2026,9,10),"Y")) -> 63 | I79: =IF(OR(Tabela2[[#This Row],[Idade_Padronizada]]="",Tabela2[[#This Row],[Idade_Validação]]=""),"Vazio",IF(VALUE(Tabela2[[#This Row],[Idade_Padronizada]]&"")=VALUE(Tabela2[[#This Row],[Idade_Validação]]&""),"OK","Diferente")) -> OK | J79: 23119 | K79: Ninho da Águia | L79: =PROPER(Base_Original!G79) -> Vale | M79: 9300 | N79: =IF(ISNUMBER(Base_Original!I79),Base_Original!I79,IF(RIGHT(Base_Original!I79,7)=" moedas",VALUE(LEFT(Base_Original!I79,LEN(Base_Original!I79)-7)),Base_Original!I79)) -> 48500 | O79: =IF(AND($N79>50000,$Q79="Sim"),"Negada","Aprovada") -> Aprovada | P79: =IF(AND($T79="Negada",$O79="Negada"),0,IF($B79="Ativo",$U79*8%,"0")) -> 0 | Q79: =IF(OR(Base_Original!J79="Sim",Base_Original!J79="sim",Base_Original!J79="SIM"),"Sim",IF(OR(Base_Original!J79="Não",Base_Original!J79="não",Base_Original!J79="NÃO",Base_Original!J79="Nao"),"Não",IF(Base_Original!J79="","vazio",Base_Original!J79))) -> Não | R79: =IF(ISNUMBER(Base_Original!K79),Base_Original!K79,IF(RIGHT(Base_Original!K79,9)=" batalhas",VALUE(LEFT(Base_Original!K79,LEN(Base_Original!K79)-9)),Base_Original!K79)) -> 28 | S79: =IF($R79="vazio","vazio",IF($R79<=10,"Baixo",IF($R79<=25,"Médio","Alto"))) -> Alto | T79: =IF(AND($S79="Alto",$Q79="Sim"),"Negada","Aprovada") -> Aprovada | U79: 20000
A80: SOL079 | B80: =IF(Base_Original!A80="","vazio",IF(Base_Original!A80="ATIVO","Ativo",IF(Base_Original!A80="INATIVO","Inativo",Base_Original!A80))) -> Inativo | C80: =PROPER(Base_Original!B80) -> Daario Cerwyn | D80: 17500 | E80: =IF($D80="","Vazio",IF(LEN(SUBSTITUTE(SUBSTITUTE($D80&"",".",""),"-",""))<>11,"Inválido","OK")) -> Inválido | F80: =IF($D80="","Vazio",IF(COUNTIF($D$2:$D$369,$D80)>1,"Duplicado","Único")) -> Único | G80: =IF(TRIM(Base_Original!D80)="","",SUBSTITUTE(TRIM(Base_Original!D80),"anos","")) -> 60 | H80: =IF($J80="","Vazio",DATEDIF($J80,DATE(2026,9,10),"Y")) -> 60 | I80: =IF(OR(Tabela2[[#This Row],[Idade_Padronizada]]="",Tabela2[[#This Row],[Idade_Validação]]=""),"Vazio",IF(VALUE(Tabela2[[#This Row],[Idade_Padronizada]]&"")=VALUE(Tabela2[[#This Row],[Idade_Validação]]&""),"OK","Diferente")) -> OK | J80: 24091 | K80: Lannisporto | L80: =PROPER(Base_Original!G80) -> Oeste | M80: 10100 | N80: =IF(ISNUMBER(Base_Original!I80),Base_Original!I80,IF(RIGHT(Base_Original!I80,7)=" moedas",VALUE(LEFT(Base_Original!I80,LEN(Base_Original!I80)-7)),Base_Original!I80)) -> 55000 | O80: =IF(AND($N80>50000,$Q80="Sim"),"Negada","Aprovada") -> Aprovada | P80: =IF(AND($T80="Negada",$O80="Negada"),0,IF($B80="Ativo",$U80*8%,"0")) -> 0 | Q80: =IF(OR(Base_Original!J80="Sim",Base_Original!J80="sim",Base_Original!J80="SIM"),"Sim",IF(OR(Base_Original!J80="Não",Base_Original!J80="não",Base_Original!J80="NÃO",Base_Original!J80="Nao"),"Não",IF(Base_Original!J80="","vazio",Base_Original!J80))) -> Não | R80: =IF(ISNUMBER(Base_Original!K80),Base_Original!K80,IF(RIGHT(Base_Original!K80,9)=" batalhas",VALUE(LEFT(Base_Original!K80,LEN(Base_Original!K80)-9)),Base_Original!K80)) -> 26 | S80: =IF($R80="vazio","vazio",IF($R80<=10,"Baixo",IF($R80<=25,"Médio","Alto"))) -> Alto | T80: =IF(AND($S80="Alto",$Q80="Sim"),"Negada","Aprovada") -> Aprovada | U80: 54000
A81: SOL080 | B81: =IF(Base_Original!A81="","vazio",IF(Base_Original!A81="ATIVO","Ativo",IF(Base_Original!A81="INATIVO","Inativo",Base_Original!A81))) -> Ativo | C81: =PROPER(Base_Original!B81) -> Daario Clegane | D81: 000.000.270-00 | E81: =IF($D81="","Vazio",IF(LEN(SUBSTITUTE(SUBSTITUTE($D81&"",".",""),"-",""))<>11,"Inválido","OK")) -> OK | F81: =IF($D81="","Vazio",IF(COUNTIF($D$2:$D$369,$D81)>1,"Duplicado","Único")) -> Único | G81: =IF(TRIM(Base_Original!D81)="","",SUBSTITUTE(TRIM(Base_Original!D81),"anos","")) -> 33 | H81: =IF($J81="","Vazio",DATEDIF($J81,DATE(2026,9,10),"Y")) -> 33 | I81: =IF(OR(Tabela2[[#This Row],[Idade_Padronizada]]="",Tabela2[[#This Row],[Idade_Validação]]=""),"Vazio",IF(VALUE(Tabela2[[#This Row],[Idade_Padronizada]]&"")=VALUE(Tabela2[[#This Row],[Idade_Validação]]&""),"OK","Diferente")) -> OK | J81: 33881 | K81: Castelo Negro | L81: =PROPER(Base_Original!G81) -> Norte | M81: 29700 | N81: =IF(ISNUMBER(Base_Original!I81),Base_Original!I81,IF(RIGHT(Base_Original!I81,7)=" moedas",VALUE(LEFT(Base_Original!I81,LEN(Base_Original!I81)-7)),Base_Original!I81)) -> 22000 | O81: =IF(AND($N81>50000,$Q81="Sim"),"Negada","Aprovada") -> Aprovada | P81: =IF(AND($T81="Negada",$O81="Negada"),0,IF($B81="Ativo",$U81*8%,"0")) -> 6480 | Q81: =IF(OR(Base_Original!J81="Sim",Base_Original!J81="sim",Base_Original!J81="SIM"),"Sim",IF(OR(Base_Original!J81="Não",Base_Original!J81="não",Base_Original!J81="NÃO",Base_Original!J81="Nao"),"Não",IF(Base_Original!J81="","vazio",Base_Original!J81))) -> Não | R81: =IF(ISNUMBER(Base_Original!K81),Base_Original!K81,IF(RIGHT(Base_Original!K81,9)=" batalhas",VALUE(LEFT(Base_Original!K81,LEN(Base_Original!K81)-9)),Base_Original!K81)) -> 38 | S81: =IF($R81="vazio","vazio",IF($R81<=10,"Baixo",IF($R81<=25,"Médio","Alto"))) -> Alto | T81: =IF(AND($S81="Alto",$Q81="Sim"),"Negada","Aprovada") -> Aprovada | U81: 81000
A82: SOL081 | B82: =IF(Base_Original!A82="","vazio",IF(Base_Original!A82="ATIVO","Ativo",IF(Base_Original!A82="INATIVO","Inativo",Base_Original!A82))) -> Inativo | C82: =PROPER(Base_Original!B82) -> Daario Marbrand | D82: 000.000.014-00 | E82: =IF($D82="","Vazio",IF(LEN(SUBSTITUTE(SUBSTITUTE($D82&"",".",""),"-",""))<>11,"Inválido","OK")) -> OK | F82: =IF($D82="","Vazio",IF(COUNTIF($D$2:$D$369,$D82)>1,"Duplicado","Único")) -> Duplicado | G82: =IF(TRIM(Base_Original!D82)="","",SUBSTITUTE(TRIM(Base_Original!D82),"anos","")) -> 46 | H82: =IF($J82="","Vazio",DATEDIF($J82,DATE(2026,9,10),"Y")) -> 46 | I82: =IF(OR(Tabela2[[#This Row],[Idade_Padronizada]]="",Tabela2[[#This Row],[Idade_Validação]]=""),"Vazio",IF(VALUE(Tabela2[[#This Row],[Idade_Padronizada]]&"")=VALUE(Tabela2[[#This Row],[Idade_Validação]]&""),"OK","Diferente")) -> OK | J82: 29113 | K82: Fosso Cailin | L82: =PROPER(Base_Original!G82) -> Norte | M82: 15000 | N82: =IF(ISNUMBER(Base_Original!I82),Base_Original!I82,IF(RIGHT(Base_Original!I82,7)=" moedas",VALUE(LEFT(Base_Original!I82,LEN(Base_Original!I82)-7)),Base_Original!I82)) -> 32500 | O82: =IF(AND($N82>50000,$Q82="Sim"),"Negada","Aprovada") -> Aprovada | P82: =IF(AND($T82="Negada",$O82="Negada"),0,IF($B82="Ativo",$U82*8%,"0")) -> 0 | Q82: =IF(OR(Base_Original!J82="Sim",Base_Original!J82="sim",Base_Original!J82="SIM"),"Sim",IF(OR(Base_Original!J82="Não",Base_Original!J82="não",Base_Original!J82="NÃO",Base_Original!J82="Nao"),"Não",IF(Base_Original!J82="","vazio",Base_Original!J82))) -> Não | R82: =IF(ISNUMBER(Base_Original!K82),Base_Original!K82,IF(RIGHT(Base_Original!K82,9)=" batalhas",VALUE(LEFT(Base_Original!K82,LEN(Base_Original!K82)-9)),Base_Original!K82)) -> 40 | S82: =IF($R82="vazio","vazio",IF($R82<=10,"Baixo",IF($R82<=25,"Médio","Alto"))) -> Alto | T82: =IF(AND($S82="Alto",$Q82="Sim"),"Negada","Aprovada") -> Aprovada | U82: 4500
A83: SOL082 | B83: =IF(Base_Original!A83="","vazio",IF(Base_Original!A83="ATIVO","Ativo",IF(Base_Original!A83="INATIVO","Inativo",Base_Original!A83))) -> Inativo | C83: =PROPER(Base_Original!B83) -> Daario Marbrand | D83: 000.000.014-00 | E83: =IF($D83="","Vazio",IF(LEN(SUBSTITUTE(SUBSTITUTE($D83&"",".",""),"-",""))<>11,"Inválido","OK")) -> OK | F83: =IF($D83="","Vazio",IF(COUNTIF($D$2:$D$369,$D83)>1,"Duplicado","Único")) -> Duplicado | G83: =IF(TRIM(Base_Original!D83)="","",SUBSTITUTE(TRIM(Base_Original!D83),"anos","")) -> 46 | H83: =IF($J83="","Vazio",DATEDIF($J83,DATE(2026,9,10),"Y")) -> 46 | I83: =IF(OR(Tabela2[[#This Row],[Idade_Padronizada]]="",Tabela2[[#This Row],[Idade_Validação]]=""),"Vazio",IF(VALUE(Tabela2[[#This Row],[Idade_Padronizada]]&"")=VALUE(Tabela2[[#This Row],[Idade_Validação]]&""),"OK","Diferente")) -> OK | J83: 29113 | K83: Fosso Cailin | L83: =PROPER(Base_Original!G83) -> Norte | M83: 15000 | N83: =IF(ISNUMBER(Base_Original!I83),Base_Original!I83,IF(RIGHT(Base_Original!I83,7)=" moedas",VALUE(LEFT(Base_Original!I83,LEN(Base_Original!I83)-7)),Base_Original!I83)) -> 0 | O83: =IF(AND($N83>50000,$Q83="Sim"),"Negada","Aprovada") -> Aprovada | P83: =IF(AND($T83="Negada",$O83="Negada"),0,IF($B83="Ativo",$U83*8%,"0")) -> 0 | Q83: =IF(OR(Base_Original!J83="Sim",Base_Original!J83="sim",Base_Original!J83="SIM"),"Sim",IF(OR(Base_Original!J83="Não",Base_Original!J83="não",Base_Original!J83="NÃO",Base_Original!J83="Nao"),"Não",IF(Base_Original!J83="","vazio",Base_Original!J83))) -> Não | R83: =IF(ISNUMBER(Base_Original!K83),Base_Original!K83,IF(RIGHT(Base_Original!K83,9)=" batalhas",VALUE(LEFT(Base_Original!K83,LEN(Base_Original!K83)-9)),Base_Original!K83)) -> 40 | S83: =IF($R83="vazio","vazio",IF($R83<=10,"Baixo",IF($R83<=25,"Médio","Alto"))) -> Alto | T83: =IF(AND($S83="Alto",$Q83="Sim"),"Negada","Aprovada") -> Aprovada | U83: 90500
A84: SOL083 | B84: =IF(Base_Original!A84="","vazio",IF(Base_Original!A84="ATIVO","Ativo",IF(Base_Original!A84="INATIVO","Inativo",Base_Original!A84))) -> Ativo | C84: =PROPER(Base_Original!B84) -> Daario Tarly | D84: 000.000.046-00 | E84: =IF($D84="","Vazio",IF(LEN(SUBSTITUTE(SUBSTITUTE($D84&"",".",""),"-",""))<>11,"Inválido","OK")) -> OK | F84: =IF($D84="","Vazio",IF(COUNTIF($D$2:$D$369,$D84)>1,"Duplicado","Único")) -> Único | G84: =IF(TRIM(Base_Original!D84)="","",SUBSTITUTE(TRIM(Base_Original!D84),"anos","")) -> 32 | H84: =IF($J84="","Vazio",DATEDIF($J84,DATE(2026,9,10),"Y")) -> 32 | I84: =IF(OR(Tabela2[[#This Row],[Idade_Padronizada]]="",Tabela2[[#This Row],[Idade_Validação]]=""),"Vazio",IF(VALUE(Tabela2[[#This Row],[Idade_Padronizada]]&"")=VALUE(Tabela2[[#This Row],[Idade_Validação]]&""),"OK","Diferente")) -> OK | J84: 34508 | K84: Dorne | L84: =PROPER(Base_Original!G84) -> Dorne | M84: 9800 | N84: =IF(ISNUMBER(Base_Original!I84),Base_Original!I84,IF(RIGHT(Base_Original!I84,7)=" moedas",VALUE(LEFT(Base_Original!I84,LEN(Base_Original!I84)-7)),Base_Original!I84)) -> 0 | O84: =IF(AND($N84>50000,$Q84="Sim"),"Negada","Aprovada") -> Aprovada | P84: =IF(AND($T84="Negada",$O84="Negada"),0,IF($B84="Ativo",$U84*8%,"0")) -> 5440 | Q84: =IF(OR(Base_Original!J84="Sim",Base_Original!J84="sim",Base_Original!J84="SIM"),"Sim",IF(OR(Base_Original!J84="Não",Base_Original!J84="não",Base_Original!J84="NÃO",Base_Original!J84="Nao"),"Não",IF(Base_Original!J84="","vazio",Base_Original!J84))) -> Não | R84: =IF(ISNUMBER(Base_Original!K84),Base_Original!K84,IF(RIGHT(Base_Original!K84,9)=" batalhas",VALUE(LEFT(Base_Original!K84,LEN(Base_Original!K84)-9)),Base_Original!K84)) -> 23 | S84: =IF($R84="vazio","vazio",IF($R84<=10,"Baixo",IF($R84<=25,"Médio","Alto"))) -> Médio | T84: =IF(AND($S84="Alto",$Q84="Sim"),"Negada","Aprovada") -> Aprovada | U84: 68000
A85: SOL084 | B85: =IF(Base_Original!A85="","vazio",IF(Base_Original!A85="ATIVO","Ativo",IF(Base_Original!A85="INATIVO","Inativo",Base_Original!A85))) -> Ativo | C85: =PROPER(Base_Original!B85) -> Daario Tyrell | D85: 000.000.251-00 | E85: =IF($D85="","Vazio",IF(LEN(SUBSTITUTE(SUBSTITUTE($D85&"",".",""),"-",""))<>11,"Inválido","OK")) -> OK | F85: =IF($D85="","Vazio",IF(COUNTIF($D$2:$D$369,$D85)>1,"Duplicado","Único")) -> Único | G85: =IF(TRIM(Base_Original!D85)="","",SUBSTITUTE(TRIM(Base_Original!D85),"anos","")) -> 51 | H85: =IF($J85="","Vazio",DATEDIF($J85,DATE(2026,9,10),"Y")) -> 51 | I85: =IF(OR(Tabela2[[#This Row],[Idade_Padronizada]]="",Tabela2[[#This Row],[Idade_Validação]]=""),"Vazio",IF(VALUE(Tabela2[[#This Row],[Idade_Padronizada]]&"")=VALUE(Tabela2[[#This Row],[Idade_Validação]]&""),"OK","Diferente")) -> OK | J85: 27377 | K85: Pyke | L85: =PROPER(Base_Original!G85) -> Ilhas De Ferro | M85: 16300 | N85: vazio | O85: =IF(AND($N85>50000,$Q85="Sim"),"Negada","Aprovada") -> Aprovada | P85: =IF(AND($T85="Negada",$O85="Negada"),0,IF($B85="Ativo",$U85*8%,"0")) -> 2640 | Q85: =IF(OR(Base_Original!J85="Sim",Base_Original!J85="sim",Base_Original!J85="SIM"),"Sim",IF(OR(Base_Original!J85="Não",Base_Original!J85="não",Base_Original!J85="NÃO",Base_Original!J85="Nao"),"Não",IF(Base_Original!J85="","vazio",Base_Original!J85))) -> Não | R85: =IF(ISNUMBER(Base_Original!K85),Base_Original!K85,IF(RIGHT(Base_Original!K85,9)=" batalhas",VALUE(LEFT(Base_Original!K85,LEN(Base_Original!K85)-9)),Base_Original!K85)) -> 8 | S85: =IF($R85="vazio","vazio",IF($R85<=10,"Baixo",IF($R85<=25,"Médio","Alto"))) -> Baixo | T85: =IF(AND($S85="Alto",$Q85="Sim"),"Negada","Aprovada") -> Aprovada | U85: 33000
A86: SOL085 | B86: =IF(Base_Original!A86="","vazio",IF(Base_Original!A86="ATIVO","Ativo",IF(Base_Original!A86="INATIVO","Inativo",Base_Original!A86))) -> Ativo | C86: =PROPER(Base_Original!B86) -> Daenerys Seaworth | D86: 000.000.341-00 | E86: =IF($D86="","Vazio",IF(LEN(SUBSTITUTE(SUBSTITUTE($D86&"",".",""),"-",""))<>11,"Inválido","OK")) -> OK | F86: =IF($D86="","Vazio",IF(COUNTIF($D$2:$D$369,$D86)>1,"Duplicado","Único")) -> Único | G86: =IF(TRIM(Base_Original!D86)="","",SUBSTITUTE(TRIM(Base_Original!D86),"anos","")) -> 54 | H86: =IF($J86="","Vazio",DATEDIF($J86,DATE(2026,9,10),"Y")) -> 54 | I86: =IF(OR(Tabela2[[#This Row],[Idade_Padronizada]]="",Tabela2[[#This Row],[Idade_Validação]]=""),"Vazio",IF(VALUE(Tabela2[[#This Row],[Idade_Padronizada]]&"")=VALUE(Tabela2[[#This Row],[Idade_Validação]]&""),"OK","Diferente")) -> OK | J86: 26213 | K86: Vilavelha | L86: =PROPER(Base_Original!G86) -> Campina | M86: 29700 | N86: =IF(ISNUMBER(Base_Original!I86),Base_Original!I86,IF(RIGHT(Base_Original!I86,7)=" moedas",VALUE(LEFT(Base_Original!I86,LEN(Base_Original!I86)-7)),Base_Original!I86)) -> 34000 | O86: =IF(AND($N86>50000,$Q86="Sim"),"Negada","Aprovada") -> Aprovada | P86: =IF(AND($T86="Negada",$O86="Negada"),0,IF($B86="Ativo",$U86*8%,"0")) -> 2800 | Q86: =IF(OR(Base_Original!J86="Sim",Base_Original!J86="sim",Base_Original!J86="SIM"),"Sim",IF(OR(Base_Original!J86="Não",Base_Original!J86="não",Base_Original!J86="NÃO",Base_Original!J86="Nao"),"Não",IF(Base_Original!J86="","vazio",Base_Original!J86))) -> Não | R86: =IF(ISNUMBER(Base_Original!K86),Base_Original!K86,IF(RIGHT(Base_Original!K86,9)=" batalhas",VALUE(LEFT(Base_Original!K86,LEN(Base_Original!K86)-9)),Base_Original!K86)) -> 35 | S86: =IF($R86="vazio","vazio",IF($R86<=10,"Baixo",IF($R86<=25,"Médio","Alto"))) -> Alto | T86: =IF(AND($S86="Alto",$Q86="Sim"),"Negada","Aprovada") -> Aprovada | U86: 35000
A87: SOL086 | B87: =IF(Base_Original!A87="","vazio",IF(Base_Original!A87="ATIVO","Ativo",IF(Base_Original!A87="INATIVO","Inativo",Base_Original!A87))) -> Ativo | C87: =PROPER(Base_Original!B87) -> Daenerys Snow | D87: 14200 | E87: =IF($D87="","Vazio",IF(LEN(SUBSTITUTE(SUBSTITUTE($D87&"",".",""),"-",""))<>11,"Inválido","OK")) -> Inválido | F87: =IF($D87="","Vazio",IF(COUNTIF($D$2:$D$369,$D87)>1,"Duplicado","Único")) -> Único | G87: =IF(TRIM(Base_Original!D87)="","",SUBSTITUTE(TRIM(Base_Original!D87),"anos","")) -> 48 | H87: =IF($J87="","Vazio",DATEDIF($J87,DATE(2026,9,10),"Y")) -> 48 | I87: =IF(OR(Tabela2[[#This Row],[Idade_Padronizada]]="",Tabela2[[#This Row],[Idade_Validação]]=""),"Vazio",IF(VALUE(Tabela2[[#This Row],[Idade_Padronizada]]&"")=VALUE(Tabela2[[#This Row],[Idade_Validação]]&""),"OK","Diferente")) -> OK | J87: 28681 | K87: Dorne | Dorne | L87: =PROPER(Base_Original!G87) | M87: 15800 | N87: =IF(ISNUMBER(Base_Original!I87),Base_Original!I87,IF(RIGHT(Base_Original!I87,7)=" moedas",VALUE(LEFT(Base_Original!I87,LEN(Base_Original!I87)-7)),Base_Original!I87)) -> N/A | O87: =IF(AND($N87>50000,$Q87="Sim"),"Negada","Aprovada") -> Aprovada | P87: =IF(AND($T87="Negada",$O87="Negada"),0,IF($B87="Ativo",$U87*8%,"0")) -> 5560 | Q87: =IF(OR(Base_Original!J87="Sim",Base_Original!J87="sim",Base_Original!J87="SIM"),"Sim",IF(OR(Base_Original!J87="Não",Base_Original!J87="não",Base_Original!J87="NÃO",Base_Original!J87="Nao"),"Não",IF(Base_Original!J87="","vazio",Base_Original!J87))) -> Não | R87: =IF(ISNUMBER(Base_Original!K87),Base_Original!K87,IF(RIGHT(Base_Original!K87,9)=" batalhas",VALUE(LEFT(Base_Original!K87,LEN(Base_Original!K87)-9)),Base_Original!K87)) -> 12 | S87: =IF($R87="vazio","vazio",IF($R87<=10,"Baixo",IF($R87<=25,"Médio","Alto"))) -> Médio | T87: =IF(AND($S87="Alto",$Q87="Sim"),"Negada","Aprovada") -> Aprovada | U87: 69500
A88: SOL087 | B88: =IF(Base_Original!A89="","vazio",IF(Base_Original!A89="ATIVO","Ativo",IF(Base_Original!A89="INATIVO","Inativo",Base_Original!A89))) -> Ativo | C88: =PROPER(Base_Original!B89) -> Daenerys Tallhart | D88: 000.000.092-00 | E88: =IF($D88="","Vazio",IF(LEN(SUBSTITUTE(SUBSTITUTE($D88&"",".",""),"-",""))<>11,"Inválido","OK")) -> OK | F88: =IF($D88="","Vazio",IF(COUNTIF($D$2:$D$369,$D88)>1,"Duplicado","Único")) -> Duplicado | G88: =IF(TRIM(Base_Original!D88)="","",SUBSTITUTE(TRIM(Base_Original!D88),"anos","")) -> 37 | H88: =IF($J88="","Vazio",DATEDIF($J88,DATE(2026,9,10),"Y")) -> 37 | I88: =IF(OR(Tabela2[[#This Row],[Idade_Padronizada]]="",Tabela2[[#This Row],[Idade_Validação]]=""),"Vazio",IF(VALUE(Tabela2[[#This Row],[Idade_Padronizada]]&"")=VALUE(Tabela2[[#This Row],[Idade_Validação]]&""),"OK","Diferente")) -> OK | J88: 32543 | K88: Vilavelha | L88: =PROPER(Base_Original!G89) -> Campina | M88: 29200 | N88: =IF(ISNUMBER(Base_Original!I89),Base_Original!I89,IF(RIGHT(Base_Original!I89,7)=" moedas",VALUE(LEFT(Base_Original!I89,LEN(Base_Original!I89)-7)),Base_Original!I89)) -> 45000 | O88: =IF(AND($N88>50000,$Q88="Sim"),"Negada","Aprovada") -> Aprovada | P88: =IF(AND($T88="Negada",$O88="Negada"),0,IF($B88="Ativo",$U88*8%,"0")) -> 6240 | Q88: =IF(OR(Base_Original!J89="Sim",Base_Original!J89="sim",Base_Original!J89="SIM"),"Sim",IF(OR(Base_Original!J89="Não",Base_Original!J89="não",Base_Original!J89="NÃO",Base_Original!J89="Nao"),"Não",IF(Base_Original!J89="","vazio",Base_Original!J89))) -> Não | R88: =IF(ISNUMBER(Base_Original!K89),Base_Original!K89,IF(RIGHT(Base_Original!K89,9)=" batalhas",VALUE(LEFT(Base_Original!K89,LEN(Base_Original!K89)-9)),Base_Original!K89)) -> 26 | S88: =IF($R88="vazio","vazio",IF($R88<=10,"Baixo",IF($R88<=25,"Médio","Alto"))) -> Alto | T88: =IF(AND($S88="Alto",$Q88="Sim"),"Negada","Aprovada") -> Aprovada | U88: 78000
A89: SOL088 | B89: =IF(Base_Original!A88="","vazio",IF(Base_Original!A88="ATIVO","Ativo",IF(Base_Original!A88="INATIVO","Inativo",Base_Original!A88))) -> Ativo | C89: =PROPER(Base_Original!B88) -> Daenerys Tallhart | D89: 000.000.092-00 | E89: =IF($D89="","Vazio",IF(LEN(SUBSTITUTE(SUBSTITUTE($D89&"",".",""),"-",""))<>11,"Inválido","OK")) -> OK | F89: =IF($D89="","Vazio",IF(COUNTIF($D$2:$D$369,$D89)>1,"Duplicado","Único")) -> Duplicado | G89: =IF(TRIM(Base_Original!D89)="","",SUBSTITUTE(TRIM(Base_Original!D89),"anos","")) -> 37 | H89: =IF($J89="","Vazio",DATEDIF($J89,DATE(2026,9,10),"Y")) -> 37 | I89: =IF(OR(Tabela2[[#This Row],[Idade_Padronizada]]="",Tabela2[[#This Row],[Idade_Validação]]=""),"Vazio",IF(VALUE(Tabela2[[#This Row],[Idade_Padronizada]]&"")=VALUE(Tabela2[[#This Row],[Idade_Validação]]&""),"OK","Diferente")) -> OK | J89: 32543 | K89: Vilavelha | L89: =PROPER(Base_Original!G88) -> Campina | M89: 29200 | N89: =IF(ISNUMBER(Base_Original!I88),Base_Original!I88,IF(RIGHT(Base_Original!I88,7)=" moedas",VALUE(LEFT(Base_Original!I88,LEN(Base_Original!I88)-7)),Base_Original!I88)) -> 45000 | O89: =IF(AND($N89>50000,$Q89="Sim"),"Negada","Aprovada") -> Aprovada | P89: =IF(AND($T89="Negada",$O89="Negada"),0,IF($B89="Ativo",$U89*8%,"0")) -> 1880 | Q89: =IF(OR(Base_Original!J88="Sim",Base_Original!J88="sim",Base_Original!J88="SIM"),"Sim",IF(OR(Base_Original!J88="Não",Base_Original!J88="não",Base_Original!J88="NÃO",Base_Original!J88="Nao"),"Não",IF(Base_Original!J88="","vazio",Base_Original!J88))) -> Não | R89: =IF(ISNUMBER(Base_Original!K88),Base_Original!K88,IF(RIGHT(Base_Original!K88,9)=" batalhas",VALUE(LEFT(Base_Original!K88,LEN(Base_Original!K88)-9)),Base_Original!K88)) -> 26 | S89: =IF($R89="vazio","vazio",IF($R89<=10,"Baixo",IF($R89<=25,"Médio","Alto"))) -> Alto | T89: =IF(AND($S89="Alto",$Q89="Sim"),"Negada","Aprovada") -> Aprovada | U89: 23500
A90: SOL089 | B90: =IF(Base_Original!A90="","vazio",IF(Base_Original!A90="ATIVO","Ativo",IF(Base_Original!A90="INATIVO","Inativo",Base_Original!A90))) -> Ativo | C90: =PROPER(Base_Original!B90) -> Davos Baratheon | D90: 000.000.055-00 | E90: =IF($D90="","Vazio",IF(LEN(SUBSTITUTE(SUBSTITUTE($D90&"",".",""),"-",""))<>11,"Inválido","OK")) -> OK | F90: =IF($D90="","Vazio",IF(COUNTIF($D$2:$D$369,$D90)>1,"Duplicado","Único")) -> Único | G90: =IF(TRIM(Base_Original!D90)="","",SUBSTITUTE(TRIM(Base_Original!D90),"anos","")) | H90: =IF($J90="","Vazio",DATEDIF($J90,DATE(2026,9,10),"Y")) -> 27 | I90: =IF(OR(Tabela2[[#This Row],[Idade_Padronizada]]="",Tabela2[[#This Row],[Idade_Validação]]=""),"Vazio",IF(VALUE(Tabela2[[#This Row],[Idade_Padronizada]]&"")=VALUE(Tabela2[[#This Row],[Idade_Validação]]&""),"OK","Diferente")) -> Vazio | J90: 36337 | K90: Winterfell | L90: =PROPER(Base_Original!G90) -> Norte | M90: 22500 | N90: =IF(ISNUMBER(Base_Original!I90),Base_Original!I90,IF(RIGHT(Base_Original!I90,7)=" moedas",VALUE(LEFT(Base_Original!I90,LEN(Base_Original!I90)-7)),Base_Original!I90)) -> 55500 | O90: =IF(AND($N90>50000,$Q90="Sim"),"Negada","Aprovada") -> Aprovada | P90: =IF(AND($T90="Negada",$O90="Negada"),0,IF($B90="Ativo",$U90*8%,"0")) -> 7320 | Q90: =IF(OR(Base_Original!J90="Sim",Base_Original!J90="sim",Base_Original!J90="SIM"),"Sim",IF(OR(Base_Original!J90="Não",Base_Original!J90="não",Base_Original!J90="NÃO",Base_Original!J90="Nao"),"Não",IF(Base_Original!J90="","vazio",Base_Original!J90))) -> Não | R90: =IF(ISNUMBER(Base_Original!K90),Base_Original!K90,IF(RIGHT(Base_Original!K90,9)=" batalhas",VALUE(LEFT(Base_Original!K90,LEN(Base_Original!K90)-9)),Base_Original!K90)) -> 32 | S90: =IF($R90="vazio","vazio",IF($R90<=10,"Baixo",IF($R90<=25,"Médio","Alto"))) -> Alto | T90: =IF(AND($S90="Alto",$Q90="Sim"),"Negada","Aprovada") -> Aprovada | U90: 91500
A91: SOL090 | B91: =IF(Base_Original!A91="","vazio",IF(Base_Original!A91="ATIVO","Ativo",IF(Base_Original!A91="INATIVO","Inativo",Base_Original!A91))) -> Inativo | C91: =PROPER(Base_Original!B91) -> Davos Tyrell | D91: 16100 | E91: =IF($D91="","Vazio",IF(LEN(SUBSTITUTE(SUBSTITUTE($D91&"",".",""),"-",""))<>11,"Inválido","OK")) -> Inválido | F91: =IF($D91="","Vazio",IF(COUNTIF($D$2:$D$369,$D91)>1,"Duplicado","Único")) -> Único | G91: =IF(TRIM(Base_Original!D91)="","",SUBSTITUTE(TRIM(Base_Original!D91),"anos","")) -> 65 | H91: =IF($J91="","Vazio",DATEDIF($J91,DATE(2026,9,10),"Y")) -> 65 | I91: =IF(OR(Tabela2[[#This Row],[Idade_Padronizada]]="",Tabela2[[#This Row],[Idade_Validação]]=""),"Vazio",IF(VALUE(Tabela2[[#This Row],[Idade_Padronizada]]&"")=VALUE(Tabela2[[#This Row],[Idade_Validação]]&""),"OK","Diferente")) -> OK | J91: 22275 | K91: Lannisporto | L91: =PROPER(Base_Original!G91) -> Vale | M91: sem renda | N91: vazio | O91: =IF(AND($N91>50000,$Q91="Sim"),"Negada","Aprovada") -> Aprovada | P91: =IF(AND($T91="Negada",$O91="Negada"),0,IF($B91="Ativo",$U91*8%,"0")) -> 0 | Q91: =IF(OR(Base_Original!J91="Sim",Base_Original!J91="sim",Base_Original!J91="SIM"),"Sim",IF(OR(Base_Original!J91="Não",Base_Original!J91="não",Base_Original!J91="NÃO",Base_Original!J91="Nao"),"Não",IF(Base_Original!J91="","vazio",Base_Original!J91))) -> Não | R91: =IF(ISNUMBER(Base_Original!K91),Base_Original!K91,IF(RIGHT(Base_Original!K91,9)=" batalhas",VALUE(LEFT(Base_Original!K91,LEN(Base_Original!K91)-9)),Base_Original!K91)) -> 27 | S91: =IF($R91="vazio","vazio",IF($R91<=10,"Baixo",IF($R91<=25,"Médio","Alto"))) -> Alto | T91: =IF(AND($S91="Alto",$Q91="Sim"),"Negada","Aprovada") -> Aprovada | U91: 13000
A92: SOL091 | B92: =IF(Base_Original!A92="","vazio",IF(Base_Original!A92="ATIVO","Ativo",IF(Base_Original!A92="INATIVO","Inativo",Base_Original!A92))) -> Ativo | C92: =PROPER(Base_Original!B92) -> Davos Tyrell | D92: 000.000.079-00 | E92: =IF($D92="","Vazio",IF(LEN(SUBSTITUTE(SUBSTITUTE($D92&"",".",""),"-",""))<>11,"Inválido","OK")) -> OK | F92: =IF($D92="","Vazio",IF(COUNTIF($D$2:$D$369,$D92)>1,"Duplicado","Único")) -> Único | G92: =IF(TRIM(Base_Original!D92)="","",SUBSTITUTE(TRIM(Base_Original!D92),"anos","")) -> 57 | H92: Data de nascimento vazia | I92: Data de nascimento vazia | K92: Ninho da Águia | L92: =PROPER(Base_Original!G92) -> Oeste | M92: 3300 | N92: =IF(ISNUMBER(Base_Original!I92),Base_Original!I92,IF(RIGHT(Base_Original!I92,7)=" moedas",VALUE(LEFT(Base_Original!I92,LEN(Base_Original!I92)-7)),Base_Original!I92)) -> 0 | O92: =IF(AND($N92>50000,$Q92="Sim"),"Negada","Aprovada") -> Aprovada | P92: =IF(AND($T92="Negada",$O92="Negada"),0,IF($B92="Ativo",$U92*8%,"0")) -> 1880 | Q92: =IF(OR(Base_Original!J92="Sim",Base_Original!J92="sim",Base_Original!J92="SIM"),"Sim",IF(OR(Base_Original!J92="Não",Base_Original!J92="não",Base_Original!J92="NÃO",Base_Original!J92="Nao"),"Não",IF(Base_Original!J92="","vazio",Base_Original!J92))) -> Sim | R92: =IF(ISNUMBER(Base_Original!K92),Base_Original!K92,IF(RIGHT(Base_Original!K92,9)=" batalhas",VALUE(LEFT(Base_Original!K92,LEN(Base_Original!K92)-9)),Base_Original!K92)) -> 28 | S92: =IF($R92="vazio","vazio",IF($R92<=10,"Baixo",IF($R92<=25,"Médio","Alto"))) -> Alto | T92: =IF(AND($S92="Alto",$Q92="Sim"),"Negada","Aprovada") -> Negada | U92: 23500
A93: SOL092 | B93: =IF(Base_Original!A93="","vazio",IF(Base_Original!A93="ATIVO","Ativo",IF(Base_Original!A93="INATIVO","Inativo",Base_Original!A93))) -> Inativo | C93: =PROPER(Base_Original!B93) -> Davos Umber | D93: 000.000.353-00 | E93: =IF($D93="","Vazio",IF(LEN(SUBSTITUTE(SUBSTITUTE($D93&"",".",""),"-",""))<>11,"Inválido","OK")) -> OK | F93: =IF($D93="","Vazio",IF(COUNTIF($D$2:$D$369,$D93)>1,"Duplicado","Único")) -> Único | G93: =IF(TRIM(Base_Original!D93)="","",SUBSTITUTE(TRIM(Base_Original!D93),"anos","")) -> 74 | H93: =IF($J93="","Vazio",DATEDIF($J93,DATE(2026,9,10),"Y")) -> 74 | I93: =IF(OR(Tabela2[[#This Row],[Idade_Padronizada]]="",Tabela2[[#This Row],[Idade_Validação]]=""),"Vazio",IF(VALUE(Tabela2[[#This Row],[Idade_Padronizada]]&"")=VALUE(Tabela2[[#This Row],[Idade_Validação]]&""),"OK","Diferente")) -> OK | J93: 19047 | K93: Lannisporto | L93: =PROPER(Base_Original!G93) -> Oeste | M93: 24000 | N93: =IF(ISNUMBER(Base_Original!I93),Base_Original!I93,IF(RIGHT(Base_Original!I93,7)=" moedas",VALUE(LEFT(Base_Original!I93,LEN(Base_Original!I93)-7)),Base_Original!I93)) -> 35000 | O93: =IF(AND($N93>50000,$Q93="Sim"),"Negada","Aprovada") -> Aprovada | P93: =IF(AND($T93="Negada",$O93="Negada"),0,IF($B93="Ativo",$U93*8%,"0")) -> 0 | Q93: =IF(OR(Base_Original!J93="Sim",Base_Original!J93="sim",Base_Original!J93="SIM"),"Sim",IF(OR(Base_Original!J93="Não",Base_Original!J93="não",Base_Original!J93="NÃO",Base_Original!J93="Nao"),"Não",IF(Base_Original!J93="","vazio",Base_Original!J93))) -> Não | R93: =IF(ISNUMBER(Base_Original!K93),Base_Original!K93,IF(RIGHT(Base_Original!K93,9)=" batalhas",VALUE(LEFT(Base_Original!K93,LEN(Base_Original!K93)-9)),Base_Original!K93)) -> 6 | S93: =IF($R93="vazio","vazio",IF($R93<=10,"Baixo",IF($R93<=25,"Médio","Alto"))) -> Baixo | T93: =IF(AND($S93="Alto",$Q93="Sim"),"Negada","Aprovada") -> Aprovada | U93: 29500
A94: SOL093 | B94: =IF(Base_Original!A94="","vazio",IF(Base_Original!A94="ATIVO","Ativo",IF(Base_Original!A94="INATIVO","Inativo",Base_Original!A94))) -> Inativo | C94: =PROPER(Base_Original!B94) -> Eddard Crakehall | D94: 31800 | E94: =IF($D94="","Vazio",IF(LEN(SUBSTITUTE(SUBSTITUTE($D94&"",".",""),"-",""))<>11,"Inválido","OK")) -> Inválido | F94: =IF($D94="","Vazio",IF(COUNTIF($D$2:$D$369,$D94)>1,"Duplicado","Único")) -> Único | G94: =IF(TRIM(Base_Original!D94)="","",SUBSTITUTE(TRIM(Base_Original!D94),"anos","")) -> 43 | H94: =IF($J94="","Vazio",DATEDIF($J94,DATE(2026,9,10),"Y")) -> 43 | I94: =IF(OR(Tabela2[[#This Row],[Idade_Padronizada]]="",Tabela2[[#This Row],[Idade_Validação]]=""),"Vazio",IF(VALUE(Tabela2[[#This Row],[Idade_Padronizada]]&"")=VALUE(Tabela2[[#This Row],[Idade_Validação]]&""),"OK","Diferente")) -> OK | J94: 30391 | K94: Castelo Negro | L94: =PROPER(Base_Original!G94) -> Norte | M94: 7100 | N94: =IF(ISNUMBER(Base_Original!I94),Base_Original!I94,IF(RIGHT(Base_Original!I94,7)=" moedas",VALUE(LEFT(Base_Original!I94,LEN(Base_Original!I94)-7)),Base_Original!I94)) -> 5500 | O94: =IF(AND($N94>50000,$Q94="Sim"),"Negada","Aprovada") -> Aprovada | P94: =IF(AND($T94="Negada",$O94="Negada"),0,IF($B94="Ativo",$U94*8%,"0")) -> 0 | Q94: =IF(OR(Base_Original!J94="Sim",Base_Original!J94="sim",Base_Original!J94="SIM"),"Sim",IF(OR(Base_Original!J94="Não",Base_Original!J94="não",Base_Original!J94="NÃO",Base_Original!J94="Nao"),"Não",IF(Base_Original!J94="","vazio",Base_Original!J94))) -> Não | R94: =IF(ISNUMBER(Base_Original!K94),Base_Original!K94,IF(RIGHT(Base_Original!K94,9)=" batalhas",VALUE(LEFT(Base_Original!K94,LEN(Base_Original!K94)-9)),Base_Original!K94)) -> 23 | S94: =IF($R94="vazio","vazio",IF($R94<=10,"Baixo",IF($R94<=25,"Médio","Alto"))) -> Médio | T94: =IF(AND($S94="Alto",$Q94="Sim"),"Negada","Aprovada") -> Aprovada | U94: 67000
A95: SOL094 | B95: =IF(Base_Original!A95="","vazio",IF(Base_Original!A95="ATIVO","Ativo",IF(Base_Original!A95="INATIVO","Inativo",Base_Original!A95))) -> Inativo | C95: =PROPER(Base_Original!B95) -> Eddard Dayne | D95: 3200 | E95: =IF($D95="","Vazio",IF(LEN(SUBSTITUTE(SUBSTITUTE($D95&"",".",""),"-",""))<>11,"Inválido","OK")) -> Inválido | F95: =IF($D95="","Vazio",IF(COUNTIF($D$2:$D$369,$D95)>1,"Duplicado","Único")) -> Único | G95: =IF(TRIM(Base_Original!D95)="","",SUBSTITUTE(TRIM(Base_Original!D95),"anos","")) -> 31 | H95: =IF($J95="","Vazio",DATEDIF($J95,DATE(2026,9,10),"Y")) -> 31 | I95: =IF(OR(Tabela2[[#This Row],[Idade_Padronizada]]="",Tabela2[[#This Row],[Idade_Validação]]=""),"Vazio",IF(VALUE(Tabela2[[#This Row],[Idade_Padronizada]]&"")=VALUE(Tabela2[[#This Row],[Idade_Validação]]&""),"OK","Diferente")) -> OK | J95: 34746 | K95: Braavos | L95: =PROPER(Base_Original!G95) -> Essos | M95: 18200 | N95: =IF(ISNUMBER(Base_Original!I95),Base_Original!I95,IF(RIGHT(Base_Original!I95,7)=" moedas",VALUE(LEFT(Base_Original!I95,LEN(Base_Original!I95)-7)),Base_Original!I95)) -> 78500 | O95: =IF(AND($N95>50000,$Q95="Sim"),"Negada","Aprovada") -> Aprovada | P95: =IF(AND($T95="Negada",$O95="Negada"),0,IF($B95="Ativo",$U95*8%,"0")) -> 0 | Q95: =IF(OR(Base_Original!J95="Sim",Base_Original!J95="sim",Base_Original!J95="SIM"),"Sim",IF(OR(Base_Original!J95="Não",Base_Original!J95="não",Base_Original!J95="NÃO",Base_Original!J95="Nao"),"Não",IF(Base_Original!J95="","vazio",Base_Original!J95))) -> Não | R95: =IF(ISNUMBER(Base_Original!K95),Base_Original!K95,IF(RIGHT(Base_Original!K95,9)=" batalhas",VALUE(LEFT(Base_Original!K95,LEN(Base_Original!K95)-9)),Base_Original!K95)) -> 9 | S95: =IF($R95="vazio","vazio",IF($R95<=10,"Baixo",IF($R95<=25,"Médio","Alto"))) -> Baixo | T95: =IF(AND($S95="Alto",$Q95="Sim"),"Negada","Aprovada") -> Aprovada | U95: 73000
A96: SOL095 | B96: =IF(Base_Original!A96="","vazio",IF(Base_Original!A96="ATIVO","Ativo",IF(Base_Original!A96="INATIVO","Inativo",Base_Original!A96))) -> Inativo | C96: =PROPER(Base_Original!B96) -> Eddard Greyjoy | D96: 000.000.238-00 | E96: =IF($D96="","Vazio",IF(LEN(SUBSTITUTE(SUBSTITUTE($D96&"",".",""),"-",""))<>11,"Inválido","OK")) -> OK | F96: =IF($D96="","Vazio",IF(COUNTIF($D$2:$D$369,$D96)>1,"Duplicado","Único")) -> Único | G96: =IF(TRIM(Base_Original!D96)="","",SUBSTITUTE(TRIM(Base_Original!D96),"anos","")) -> 55 | H96: =IF($J96="","Vazio",DATEDIF($J96,DATE(2026,9,10),"Y")) -> 55 | I96: =IF(OR(Tabela2[[#This Row],[Idade_Padronizada]]="",Tabela2[[#This Row],[Idade_Validação]]=""),"Vazio",IF(VALUE(Tabela2[[#This Row],[Idade_Padronizada]]&"")=VALUE(Tabela2[[#This Row],[Idade_Validação]]&""),"OK","Diferente")) -> OK | J96: 25848 | K96: Meereen | L96: =PROPER(Base_Original!G96) -> Essos | M96: vazio | N96: =IF(ISNUMBER(Base_Original!I96),Base_Original!I96,IF(RIGHT(Base_Original!I96,7)=" moedas",VALUE(LEFT(Base_Original!I96,LEN(Base_Original!I96)-7)),Base_Original!I96)) -> 5000 | O96: =IF(AND($N96>50000,$Q96="Sim"),"Negada","Aprovada") -> Aprovada | P96: =IF(AND($T96="Negada",$O96="Negada"),0,IF($B96="Ativo",$U96*8%,"0")) -> 0 | Q96: =IF(OR(Base_Original!J96="Sim",Base_Original!J96="sim",Base_Original!J96="SIM"),"Sim",IF(OR(Base_Original!J96="Não",Base_Original!J96="não",Base_Original!J96="NÃO",Base_Original!J96="Nao"),"Não",IF(Base_Original!J96="","vazio",Base_Original!J96))) -> Não | R96: =IF(ISNUMBER(Base_Original!K96),Base_Original!K96,IF(RIGHT(Base_Original!K96,9)=" batalhas",VALUE(LEFT(Base_Original!K96,LEN(Base_Original!K96)-9)),Base_Original!K96)) -> 8 | S96: =IF($R96="vazio","vazio",IF($R96<=10,"Baixo",IF($R96<=25,"Médio","Alto"))) -> Baixo | T96: =IF(AND($S96="Alto",$Q96="Sim"),"Negada","Aprovada") -> Aprovada | U96: 11000
